,Acceleration,Aggression,Agility,Balance,BallControl,Composure,Crossing,Curve,Dribbling,FKAccuracy,Finishing,GKDiving,GKHandling,GKKicking,GKPositioning,GKReflexes,HeadingAccuracy,Interceptions,Jumping,LongPassing,LongShots,Marking,Penalties,Positioning,Reactions,ShortPassing,ShotPower,SlidingTackle,SprintSpeed,Stamina,StandingTackle,Strength,Vision,Volleys,league,name,win_rate,work_rate
0,92.0,73.0,90.0,90.0,68.0,77.0,69.0,71.0,71.0,73.0,64.0,65.0,66.0,67.0,64.0,68.0,68.0,66.0,87.0,69.0,73.0,67.0,71.0,73.0,71.0,70.0,77.0,68.0,86.0,85.0,67.0,80.0,72.0,67.0,English League One,Plymouth Argyle,<50%,0.0
1,90.0,82.0,86.0,86.0,72.0,74.0,68.0,77.0,72.0,75.0,66.0,72.0,73.0,72.0,72.0,70.0,73.0,68.0,89.0,77.0,73.0,69.0,70.0,71.0,73.0,75.0,79.0,67.0,86.0,91.0,68.0,88.0,69.0,75.0,Major League Soccer,Colorado Rapids,<50%,1.0
2,86.0,87.0,87.0,91.0,80.0,82.0,82.0,81.0,81.0,79.0,78.0,80.0,80.0,74.0,80.0,81.0,84.0,82.0,93.0,79.0,75.0,80.0,81.0,79.0,80.0,81.0,84.0,80.0,83.0,92.0,82.0,84.0,80.0,72.0,Barclays Premier League,Burnley,<50%,1.0
3,84.0,88.0,88.0,82.0,81.0,77.0,77.0,70.0,80.0,74.0,76.0,72.0,72.0,74.0,74.0,75.0,76.0,74.0,80.0,75.0,78.0,75.0,69.0,74.0,75.0,78.0,81.0,79.0,86.0,87.0,80.0,87.0,75.0,68.0,UEFA Europa League,AEK Athens,<50%,1.0
4,82.0,83.0,94.0,91.0,70.0,75.0,69.0,65.0,69.0,72.0,72.0,66.0,63.0,62.0,59.0,66.0,75.0,70.0,84.0,65.0,70.0,67.0,68.0,73.0,68.0,70.0,72.0,71.0,83.0,81.0,70.0,82.0,71.0,61.0,English League One,Rochdale,<50%,1.0
5,89.0,80.0,89.0,86.0,76.0,67.0,70.0,67.0,75.0,68.0,74.0,70.0,69.0,64.0,66.0,70.0,70.0,67.0,76.0,70.0,70.0,69.0,73.0,75.0,65.0,68.0,77.0,68.0,86.0,81.0,72.0,85.0,71.0,72.0,Swiss Raiffeisen Super League,FC Luzern,>=50%,0.0
6,90.0,79.0,83.0,82.0,85.0,79.0,81.0,81.0,84.0,77.0,84.0,84.0,77.0,81.0,80.0,83.0,84.0,87.0,79.0,82.0,79.0,76.0,80.0,87.0,84.0,86.0,84.0,80.0,90.0,77.0,83.0,90.0,86.0,80.0,Spanish Primera Division,Real Sociedad,<50%,0.0
7,84.0,89.0,88.0,92.0,83.0,81.0,82.0,88.0,83.0,82.0,80.0,76.0,76.0,69.0,77.0,78.0,79.0,79.0,87.0,85.0,80.0,84.0,79.0,79.0,79.0,83.0,85.0,83.0,90.0,89.0,82.0,93.0,80.0,78.0,Italy Serie A,Genoa,<50%,0.0
8,95.0,91.0,93.0,93.0,94.0,93.0,93.0,85.0,92.0,83.0,93.0,85.0,80.0,91.0,82.0,87.0,85.0,88.0,92.0,91.0,91.0,87.0,83.0,92.0,91.0,93.0,91.0,87.0,96.0,90.0,86.0,87.0,94.0,85.0,Barclays Premier League,Manchester City,>=50%,1.0
9,82.0,84.0,85.0,93.0,68.0,78.0,68.0,70.0,69.0,68.0,67.0,59.0,62.0,60.0,62.0,60.0,69.0,63.0,90.0,63.0,66.0,65.0,68.0,72.0,74.0,68.0,66.0,65.0,83.0,84.0,66.0,86.0,70.0,67.0,English League Two,Bury,>=50%,0.0
10,87.0,80.0,93.0,90.0,76.0,76.0,71.0,71.0,77.0,62.0,66.0,72.0,69.0,55.0,69.0,76.0,73.0,69.0,90.0,72.0,63.0,68.0,71.0,68.0,70.0,75.0,71.0,68.0,90.0,84.0,72.0,91.0,71.0,62.0,Italy Serie B,Carpi,<50%,0.0
11,81.0,84.0,88.0,82.0,70.0,72.0,73.0,75.0,78.0,70.0,70.0,70.0,69.0,69.0,72.0,73.0,68.0,72.0,84.0,70.0,75.0,72.0,67.0,70.0,70.0,71.0,79.0,68.0,86.0,93.0,70.0,89.0,71.0,65.0,Major League Soccer,New England Revolution,<50%,1.0
12,89.0,81.0,90.0,90.0,83.0,78.0,80.0,80.0,82.0,76.0,81.0,74.0,79.0,75.0,85.0,75.0,87.0,81.0,84.0,80.0,81.0,70.0,80.0,82.0,81.0,83.0,80.0,80.0,90.0,83.0,81.0,91.0,79.0,75.0,Spanish Primera Division,Girona FC,<50%,0.0
13,87.0,81.0,93.0,93.0,77.0,72.0,70.0,72.0,78.0,68.0,75.0,78.0,73.0,67.0,74.0,77.0,73.0,76.0,90.0,68.0,76.0,70.0,74.0,72.0,74.0,72.0,79.0,69.0,87.0,80.0,69.0,84.0,73.0,73.0,Dutch Eredivisie,FC Groningen,<50%,0.0
14,91.0,83.0,93.0,92.0,74.0,72.0,83.0,86.0,70.0,81.0,66.0,66.0,61.0,61.0,64.0,66.0,71.0,72.0,85.0,73.0,74.0,67.0,67.0,71.0,71.0,73.0,84.0,70.0,90.0,86.0,70.0,83.0,68.0,66.0,English League One,Fleetwood Town,<50%,1.0
15,83.0,80.0,91.0,84.0,68.0,71.0,66.0,61.0,68.0,65.0,66.0,68.0,62.0,64.0,61.0,70.0,72.0,66.0,92.0,67.0,67.0,66.0,68.0,69.0,68.0,68.0,72.0,67.0,89.0,87.0,69.0,89.0,65.0,61.0,English League Two,Milton Keynes Dons,>=50%,1.0
16,87.0,88.0,90.0,89.0,82.0,83.0,89.0,88.0,81.0,83.0,79.0,78.0,76.0,69.0,77.0,81.0,87.0,83.0,94.0,82.0,78.0,77.0,83.0,83.0,78.0,84.0,83.0,80.0,83.0,88.0,83.0,94.0,82.0,74.0,Barclays Premier League,Southampton,<50%,1.0
17,91.0,80.0,86.0,89.0,72.0,72.0,67.0,68.0,76.0,72.0,71.0,68.0,71.0,69.0,64.0,67.0,73.0,72.0,83.0,68.0,71.0,72.0,71.0,73.0,72.0,73.0,80.0,69.0,91.0,93.0,70.0,90.0,74.0,70.0,German 2. Bundesliga,MSV Duisburg,<50%,0.0
18,86.0,75.0,87.0,86.0,72.0,72.0,67.0,66.0,72.0,65.0,70.0,66.0,60.0,57.0,63.0,65.0,71.0,67.0,88.0,66.0,70.0,70.0,68.0,68.0,68.0,71.0,72.0,68.0,85.0,88.0,70.0,86.0,69.0,61.0,English League One,Peterborough United,>=50%,1.0
19,84.0,85.0,87.0,94.0,78.0,78.0,75.0,81.0,78.0,75.0,79.0,70.0,69.0,63.0,70.0,70.0,80.0,77.0,85.0,76.0,78.0,74.0,80.0,77.0,77.0,79.0,83.0,73.0,85.0,83.0,77.0,90.0,70.0,76.0,Turkish Turkcell Super Lig,Alanyaspor,<50%,0.0
20,80.0,76.0,82.0,83.0,72.0,73.0,73.0,81.0,69.0,71.0,67.0,65.0,68.0,63.0,68.0,65.0,70.0,65.0,81.0,69.0,72.0,68.0,80.0,66.0,70.0,73.0,78.0,67.0,77.0,82.0,69.0,80.0,74.0,69.0,Austrian T-Mobile Bundesliga,Wolfsberger AC,<50%,0.0
21,95.0,87.0,91.0,91.0,88.0,91.0,86.0,88.0,89.0,84.0,90.0,83.0,81.0,85.0,84.0,88.0,82.0,86.0,86.0,84.0,84.0,88.0,91.0,90.0,91.0,88.0,87.0,85.0,93.0,92.0,89.0,92.0,85.0,81.0,Barclays Premier League,Liverpool,>=50%,1.0
22,88.0,84.0,91.0,91.0,72.0,73.0,78.0,66.0,75.0,75.0,69.0,76.0,73.0,78.0,67.0,71.0,78.0,77.0,88.0,74.0,73.0,70.0,72.0,71.0,74.0,81.0,76.0,74.0,85.0,87.0,72.0,93.0,75.0,72.0,Argentina Primera Division,Patronato,<50%,0.0
23,80.0,79.0,82.0,89.0,82.0,75.0,76.0,77.0,80.0,82.0,68.0,69.0,68.0,73.0,75.0,66.0,79.0,83.0,87.0,71.0,78.0,73.0,76.0,76.0,71.0,79.0,81.0,72.0,95.0,91.0,76.0,84.0,76.0,74.0,Italy Serie B,Livorno,<50%,0.0
24,89.0,85.0,87.0,88.0,71.0,73.0,75.0,76.0,73.0,73.0,73.0,70.0,67.0,68.0,68.0,71.0,73.0,74.0,83.0,68.0,71.0,75.0,69.0,71.0,70.0,74.0,80.0,73.0,83.0,91.0,74.0,92.0,70.0,66.0,German 2. Bundesliga,SV Sandhausen,<50%,1.0
25,96.0,89.0,96.0,94.0,95.0,94.0,85.0,88.0,96.0,87.0,89.0,88.0,87.0,74.0,90.0,84.0,89.0,89.0,90.0,89.0,82.0,88.0,85.0,93.0,94.0,90.0,87.0,87.0,96.0,92.0,89.0,85.0,87.0,90.0,French Ligue 1,Paris Saint-Germain,>=50%,1.0
26,83.0,86.0,90.0,91.0,82.0,78.0,78.0,86.0,82.0,85.0,82.0,78.0,74.0,67.0,75.0,81.0,75.0,78.0,90.0,76.0,78.0,77.0,79.0,85.0,81.0,78.0,85.0,78.0,83.0,87.0,78.0,90.0,78.0,77.0,Turkish Turkcell Super Lig,Trabzonspor,>=50%,1.0
27,91.0,92.0,86.0,84.0,66.0,72.0,70.0,70.0,66.0,72.0,63.0,67.0,63.0,65.0,62.0,65.0,74.0,70.0,76.0,66.0,68.0,72.0,70.0,66.0,68.0,68.0,74.0,66.0,88.0,89.0,66.0,94.0,65.0,62.0,English League Two,Lincoln City,>=50%,0.0
28,90.0,82.0,86.0,90.0,70.0,72.0,67.0,69.0,71.0,66.0,68.0,65.0,60.0,61.0,61.0,64.0,71.0,71.0,86.0,65.0,66.0,67.0,80.0,65.0,68.0,68.0,70.0,70.0,90.0,91.0,72.0,85.0,67.0,64.0,English League One,Bradford City,<50%,1.0
29,82.0,83.0,85.0,89.0,71.0,72.0,71.0,78.0,73.0,75.0,79.0,67.0,64.0,66.0,64.0,69.0,78.0,70.0,81.0,70.0,68.0,69.0,76.0,73.0,67.0,73.0,88.0,70.0,82.0,81.0,70.0,90.0,70.0,70.0,Spanish Segunda Division,Extremadura UD,<50%,1.0
30,92.0,86.0,91.0,90.0,78.0,81.0,77.0,80.0,84.0,74.0,81.0,76.0,74.0,69.0,75.0,78.0,80.0,78.0,82.0,78.0,77.0,79.0,77.0,82.0,77.0,80.0,85.0,77.0,95.0,92.0,79.0,90.0,79.0,76.0,German Bundesliga,Hannover 96,<50%,1.0
31,92.0,90.0,91.0,89.0,74.0,71.0,75.0,82.0,75.0,80.0,70.0,59.0,60.0,58.0,59.0,57.0,62.0,66.0,84.0,69.0,72.0,67.0,80.0,73.0,70.0,74.0,79.0,66.0,91.0,87.0,69.0,85.0,71.0,70.0,Australian A-League,Central Coast Mariners,<50%,1.0
32,84.0,81.0,87.0,80.0,71.0,70.0,78.0,74.0,71.0,68.0,71.0,72.0,70.0,70.0,70.0,71.0,79.0,72.0,87.0,71.0,67.0,72.0,71.0,73.0,73.0,71.0,80.0,72.0,83.0,90.0,73.0,88.0,73.0,70.0,English League Championship,Millwall,<50%,1.0
33,91.0,72.0,82.0,85.0,73.0,72.0,69.0,69.0,73.0,69.0,74.0,77.0,73.0,65.0,69.0,79.0,74.0,74.0,89.0,73.0,68.0,71.0,73.0,69.0,76.0,75.0,75.0,71.0,90.0,90.0,74.0,77.0,69.0,61.0,Italy Serie B,Perugia,<50%,0.0
34,76.0,74.0,82.0,84.0,78.0,73.0,71.0,80.0,75.0,77.0,75.0,68.0,67.0,65.0,69.0,74.0,76.0,71.0,80.0,73.0,71.0,72.0,72.0,76.0,74.0,78.0,76.0,72.0,80.0,73.0,74.0,86.0,72.0,72.0,Portuguese Liga,Santa Clara,<50%,0.0
35,86.0,82.0,86.0,78.0,87.0,80.0,82.0,82.0,86.0,78.0,80.0,79.0,77.0,71.0,76.0,80.0,82.0,80.0,84.0,79.0,78.0,78.0,78.0,80.0,79.0,84.0,81.0,80.0,84.0,79.0,82.0,86.0,78.0,80.0,Italy Serie A,Fiorentina,<50%,1.0
36,84.0,84.0,90.0,86.0,76.0,77.0,80.0,82.0,77.0,79.0,74.0,74.0,71.0,69.0,73.0,74.0,75.0,82.0,91.0,80.0,75.0,78.0,74.0,78.0,77.0,79.0,85.0,74.0,83.0,81.0,74.0,84.0,75.0,73.0,Turkish Turkcell Super Lig,Kayserispor,<50%,0.0
37,85.0,78.0,80.0,87.0,75.0,74.0,74.0,74.0,75.0,78.0,76.0,72.0,73.0,73.0,70.0,75.0,80.0,68.0,91.0,77.0,81.0,76.0,71.0,72.0,69.0,80.0,83.0,76.0,87.0,80.0,74.0,80.0,73.0,65.0,South African ABSA Premier League,Orlando Pirates,>=50%,1.0
38,93.0,88.0,89.0,89.0,88.0,82.0,82.0,83.0,90.0,82.0,84.0,79.0,83.0,70.0,80.0,84.0,91.0,81.0,90.0,80.0,84.0,82.0,88.0,86.0,82.0,84.0,84.0,80.0,94.0,79.0,82.0,92.0,81.0,79.0,Barclays Premier League,West Ham United,<50%,1.0
39,84.0,76.0,83.0,85.0,74.0,71.0,72.0,73.0,72.0,70.0,71.0,71.0,62.0,60.0,67.0,69.0,72.0,70.0,92.0,71.0,74.0,70.0,80.0,75.0,71.0,73.0,77.0,73.0,91.0,89.0,70.0,92.0,72.0,69.0,Italy Serie B,Ascoli,<50%,1.0
40,85.0,77.0,83.0,86.0,67.0,73.0,70.0,71.0,68.0,75.0,63.0,67.0,58.0,62.0,63.0,66.0,71.0,64.0,90.0,66.0,63.0,63.0,72.0,66.0,69.0,65.0,69.0,64.0,88.0,85.0,66.0,91.0,66.0,61.0,English League Two,Crawley Town,<50%,0.0
41,82.0,75.0,82.0,82.0,77.0,82.0,74.0,80.0,77.0,75.0,76.0,76.0,77.0,77.0,76.0,74.0,77.0,77.0,75.0,76.0,77.0,82.0,75.0,77.0,81.0,76.0,85.0,76.0,83.0,85.0,77.0,87.0,77.0,72.0,Brasileiro Série A,Botafogo,<50%,0.0
42,95.0,81.0,85.0,91.0,67.0,67.0,66.0,72.0,65.0,67.0,67.0,68.0,58.0,57.0,63.0,68.0,74.0,63.0,89.0,69.0,63.0,68.0,65.0,63.0,68.0,66.0,79.0,69.0,93.0,90.0,70.0,90.0,67.0,63.0,English League One,Gillingham,<50%,1.0
43,94.0,81.0,91.0,89.0,83.0,77.0,83.0,83.0,87.0,75.0,79.0,79.0,77.0,77.0,79.0,83.0,93.0,78.0,84.0,83.0,76.0,82.0,70.0,84.0,81.0,79.0,84.0,78.0,93.0,91.0,76.0,87.0,78.0,83.0,UEFA Champions League,PSV,>=50%,1.0
44,94.0,89.0,93.0,90.0,87.0,83.0,84.0,81.0,87.0,77.0,87.0,81.0,80.0,76.0,76.0,81.0,84.0,82.0,90.0,79.0,81.0,80.0,72.0,85.0,86.0,85.0,86.0,81.0,93.0,93.0,84.0,90.0,83.0,82.0,German Bundesliga,RB Leipzig,>=50%,1.0
45,94.0,84.0,94.0,96.0,85.0,84.0,86.0,87.0,85.0,86.0,79.0,83.0,78.0,88.0,81.0,86.0,86.0,87.0,89.0,81.0,86.0,84.0,90.0,81.0,83.0,84.0,84.0,84.0,89.0,89.0,89.0,91.0,86.0,75.0,Barclays Premier League,Everton,<50%,1.0
46,91.0,81.0,91.0,90.0,80.0,86.0,77.0,84.0,83.0,83.0,80.0,74.0,71.0,70.0,73.0,74.0,75.0,70.0,93.0,82.0,80.0,70.0,81.0,80.0,82.0,81.0,85.0,69.0,92.0,84.0,72.0,83.0,82.0,83.0,Major League Soccer,DC United,<50%,1.0
47,85.0,85.0,85.0,82.0,68.0,71.0,63.0,64.0,71.0,65.0,67.0,65.0,63.0,60.0,64.0,70.0,70.0,68.0,87.0,65.0,67.0,64.0,70.0,66.0,68.0,68.0,75.0,78.0,82.0,80.0,72.0,88.0,65.0,64.0,Austrian T-Mobile Bundesliga,FC Wacker Innsbruck,<50%,0.0
48,80.0,83.0,86.0,90.0,69.0,68.0,73.0,70.0,69.0,70.0,65.0,62.0,62.0,61.0,59.0,63.0,75.0,68.0,83.0,69.0,63.0,63.0,66.0,69.0,69.0,73.0,81.0,63.0,78.0,87.0,65.0,85.0,68.0,57.0,Swedish Allsvenskan,IK Sirius,<50%,1.0
49,91.0,89.0,92.0,82.0,78.0,72.0,71.0,72.0,78.0,71.0,80.0,70.0,72.0,72.0,70.0,72.0,77.0,73.0,87.0,75.0,78.0,78.0,69.0,79.0,73.0,78.0,77.0,73.0,91.0,94.0,76.0,93.0,71.0,68.0,Italy Serie A,Palermo,>=50%,1.0
50,88.0,80.0,94.0,91.0,86.0,82.0,73.0,90.0,86.0,93.0,80.0,69.0,66.0,67.0,66.0,70.0,77.0,70.0,91.0,79.0,81.0,71.0,75.0,82.0,80.0,81.0,81.0,74.0,88.0,89.0,73.0,91.0,81.0,75.0,Major League Soccer,Toronto FC,<50%,0.0
51,93.0,70.0,95.0,93.0,73.0,71.0,73.0,72.0,76.0,73.0,73.0,76.0,59.0,68.0,65.0,79.0,70.0,71.0,90.0,70.0,74.0,70.0,72.0,72.0,76.0,70.0,84.0,69.0,91.0,91.0,75.0,91.0,73.0,70.0,Japanese J League,Kashiwa Reysol,<50%,1.0
52,90.0,89.0,91.0,89.0,87.0,84.0,86.0,84.0,86.0,81.0,86.0,82.0,72.0,74.0,81.0,85.0,82.0,81.0,92.0,87.0,84.0,83.0,80.0,87.0,84.0,88.0,84.0,81.0,93.0,88.0,82.0,87.0,88.0,81.0,Spanish Primera Division,Sevilla FC,>=50%,1.0
53,93.0,75.0,91.0,93.0,78.0,77.0,75.0,80.0,76.0,81.0,76.0,65.0,60.0,63.0,64.0,64.0,79.0,72.0,91.0,73.0,76.0,70.0,83.0,81.0,74.0,76.0,80.0,69.0,91.0,92.0,74.0,80.0,78.0,77.0,Australian A-League,Sydney FC,>=50%,1.0
54,91.0,80.0,89.0,82.0,78.0,76.0,79.0,81.0,76.0,78.0,73.0,68.0,68.0,70.0,68.0,74.0,77.0,80.0,85.0,75.0,73.0,74.0,75.0,75.0,76.0,76.0,84.0,76.0,92.0,91.0,76.0,86.0,74.0,68.0,Turkish Turkcell Super Lig,Antalyaspor,<50%,0.0
55,86.0,78.0,86.0,87.0,75.0,82.0,80.0,68.0,76.0,71.0,72.0,78.0,66.0,74.0,65.0,77.0,79.0,75.0,88.0,73.0,74.0,73.0,73.0,75.0,73.0,82.0,78.0,73.0,83.0,89.0,75.0,80.0,72.0,66.0,Argentina Primera Division,Defensa y Justicia,>=50%,0.0
56,87.0,77.0,87.0,89.0,75.0,73.0,70.0,73.0,71.0,79.0,74.0,69.0,67.0,67.0,70.0,69.0,77.0,73.0,79.0,72.0,70.0,71.0,75.0,74.0,75.0,76.0,76.0,74.0,83.0,89.0,74.0,86.0,72.0,67.0,Japanese J League,Cerezo Osaka,<50%,1.0
57,93.0,85.0,85.0,87.0,75.0,73.0,78.0,81.0,78.0,75.0,72.0,74.0,72.0,75.0,69.0,77.0,81.0,70.0,90.0,69.0,71.0,72.0,76.0,74.0,72.0,75.0,77.0,74.0,93.0,85.0,74.0,90.0,77.0,70.0,German Bundesliga,SV Darmstadt 98,<50%,0.0
58,87.0,72.0,87.0,85.0,73.0,70.0,70.0,78.0,72.0,70.0,67.0,72.0,64.0,66.0,65.0,73.0,68.0,70.0,79.0,69.0,72.0,67.0,80.0,66.0,68.0,72.0,75.0,68.0,90.0,90.0,70.0,87.0,72.0,72.0,Dutch Eredivisie,De Graafschap,<50%,0.0
59,87.0,71.0,79.0,87.0,63.0,66.0,69.0,68.0,64.0,71.0,64.0,62.0,60.0,58.0,62.0,65.0,74.0,64.0,90.0,63.0,66.0,62.0,64.0,64.0,68.0,66.0,68.0,65.0,84.0,90.0,64.0,82.0,63.0,57.0,English League Two,Cheltenham Town,<50%,1.0
60,88.0,86.0,87.0,87.0,77.0,73.0,73.0,72.0,77.0,74.0,74.0,76.0,69.0,67.0,74.0,74.0,78.0,79.0,93.0,77.0,73.0,74.0,73.0,77.0,77.0,80.0,79.0,74.0,87.0,91.0,75.0,89.0,76.0,69.0,English League Championship,Cardiff City,<50%,1.0
61,90.0,74.0,88.0,90.0,76.0,75.0,69.0,71.0,79.0,73.0,76.0,68.0,66.0,65.0,68.0,68.0,79.0,72.0,92.0,70.0,73.0,72.0,72.0,77.0,77.0,73.0,82.0,72.0,93.0,79.0,73.0,92.0,72.0,75.0,Turkish Turkcell Super Lig,Yeni Malatyaspor,<50%,0.0
62,85.0,88.0,84.0,87.0,76.0,75.0,76.0,77.0,76.0,80.0,80.0,71.0,64.0,62.0,66.0,72.0,78.0,73.0,84.0,70.0,78.0,72.0,74.0,74.0,76.0,74.0,79.0,68.0,88.0,86.0,72.0,82.0,70.0,70.0,Dutch Eredivisie,Willem II,<50%,0.0
63,82.0,75.0,91.0,91.0,75.0,73.0,72.0,82.0,74.0,74.0,71.0,66.0,64.0,62.0,64.0,73.0,78.0,75.0,91.0,72.0,71.0,75.0,64.0,70.0,71.0,74.0,78.0,71.0,90.0,92.0,73.0,90.0,72.0,66.0,Italy Serie B,Lecce,>=50%,0.0
64,88.0,81.0,89.0,88.0,82.0,83.0,75.0,84.0,82.0,77.0,75.0,77.0,77.0,76.0,72.0,73.0,75.0,79.0,77.0,80.0,76.0,80.0,77.0,82.0,82.0,79.0,79.0,77.0,82.0,89.0,81.0,85.0,80.0,74.0,Brasileiro Série A,Fluminense,<50%,0.0
65,77.0,80.0,86.0,88.0,69.0,65.0,65.0,69.0,69.0,72.0,67.0,67.0,61.0,60.0,63.0,66.0,67.0,74.0,83.0,66.0,69.0,65.0,66.0,67.0,63.0,68.0,72.0,63.0,80.0,92.0,64.0,85.0,69.0,66.0,English League Two,Oldham Athletic,<50%,0.0
66,90.0,76.0,82.0,84.0,72.0,71.0,68.0,67.0,70.0,72.0,70.0,70.0,69.0,68.0,68.0,71.0,70.0,70.0,83.0,73.0,70.0,71.0,67.0,71.0,71.0,71.0,80.0,72.0,91.0,90.0,70.0,91.0,69.0,63.0,French Ligue 1,AS Nancy Lorraine,<50%,0.0
67,93.0,75.0,83.0,88.0,73.0,70.0,75.0,79.0,72.0,74.0,74.0,69.0,73.0,69.0,69.0,71.0,73.0,70.0,88.0,71.0,67.0,71.0,72.0,73.0,74.0,72.0,73.0,69.0,93.0,91.0,71.0,82.0,73.0,70.0,Japanese J League,FC Tokyo,<50%,0.0
68,86.0,88.0,87.0,86.0,83.0,80.0,80.0,75.0,80.0,69.0,77.0,72.0,77.0,68.0,78.0,73.0,80.0,77.0,91.0,83.0,77.0,77.0,80.0,76.0,79.0,80.0,79.0,72.0,84.0,89.0,80.0,87.0,80.0,74.0,Mexican Primera Division Torneo Clausura,Cruz Azul,>=50%,1.0
69,94.0,85.0,94.0,95.0,76.0,72.0,73.0,83.0,75.0,72.0,73.0,68.0,65.0,64.0,66.0,69.0,74.0,76.0,91.0,72.0,74.0,73.0,68.0,74.0,73.0,76.0,81.0,70.0,93.0,84.0,78.0,89.0,76.0,74.0,Major League Soccer,FC Dallas,>=50%,1.0
70,87.0,88.0,87.0,91.0,78.0,83.0,82.0,85.0,77.0,81.0,75.0,82.0,77.0,77.0,80.0,84.0,85.0,75.0,87.0,77.0,78.0,77.0,80.0,80.0,83.0,77.0,87.0,77.0,89.0,91.0,77.0,86.0,76.0,83.0,Barclays Premier League,Stoke City,<50%,1.0
71,91.0,73.0,89.0,84.0,76.0,76.0,75.0,72.0,74.0,72.0,69.0,69.0,68.0,75.0,69.0,74.0,66.0,73.0,83.0,73.0,72.0,75.0,67.0,78.0,73.0,75.0,76.0,74.0,89.0,85.0,76.0,85.0,77.0,65.0,Austrian T-Mobile Bundesliga,SK Sturm Graz,<50%,0.0
72,90.0,81.0,79.0,81.0,71.0,69.0,73.0,77.0,72.0,75.0,69.0,66.0,65.0,58.0,63.0,68.0,77.0,75.0,81.0,70.0,74.0,67.0,65.0,69.0,69.0,72.0,74.0,77.0,87.0,80.0,73.0,88.0,69.0,63.0,English League Championship,Barnsley,<50%,0.0
73,93.0,88.0,92.0,88.0,88.0,84.0,80.0,82.0,87.0,78.0,80.0,75.0,69.0,82.0,80.0,81.0,77.0,82.0,76.0,84.0,86.0,79.0,80.0,82.0,81.0,81.0,87.0,81.0,93.0,88.0,83.0,88.0,82.0,82.0,UEFA Champions League,Shakhtar Donetsk,<50%,1.0
74,91.0,69.0,90.0,83.0,74.0,71.0,68.0,70.0,77.0,65.0,69.0,76.0,71.0,65.0,70.0,76.0,70.0,69.0,89.0,68.0,71.0,70.0,67.0,70.0,69.0,69.0,81.0,68.0,84.0,75.0,69.0,89.0,65.0,68.0,Belgian Jupiler League,Waasland-Beveren,<50%,0.0
75,90.0,78.0,87.0,89.0,66.0,65.0,69.0,69.0,69.0,64.0,67.0,66.0,58.0,58.0,60.0,64.0,65.0,68.0,86.0,63.0,66.0,69.0,69.0,68.0,65.0,67.0,74.0,65.0,90.0,88.0,65.0,86.0,62.0,65.0,English League Two,Colchester United,>=50%,1.0
76,83.0,87.0,85.0,84.0,69.0,80.0,72.0,71.0,70.0,68.0,68.0,61.0,63.0,61.0,63.0,68.0,70.0,72.0,85.0,64.0,68.0,74.0,70.0,66.0,69.0,68.0,76.0,66.0,82.0,87.0,67.0,89.0,69.0,65.0,English League One,Blackpool,<50%,0.0
77,94.0,79.0,92.0,94.0,87.0,84.0,82.0,81.0,89.0,84.0,81.0,73.0,61.0,63.0,71.0,76.0,78.0,84.0,91.0,74.0,87.0,79.0,78.0,81.0,83.0,82.0,87.0,80.0,90.0,90.0,83.0,91.0,85.0,80.0,Italy Serie A,Atalanta,<50%,1.0
78,87.0,84.0,84.0,87.0,81.0,77.0,75.0,76.0,80.0,78.0,76.0,73.0,76.0,77.0,73.0,74.0,75.0,78.0,84.0,76.0,77.0,75.0,88.0,76.0,73.0,78.0,83.0,76.0,88.0,88.0,74.0,87.0,77.0,69.0,English League Championship,Aston Villa,>=50%,1.0
79,83.0,80.0,83.0,84.0,69.0,71.0,65.0,66.0,68.0,64.0,70.0,66.0,64.0,63.0,65.0,70.0,76.0,69.0,90.0,68.0,63.0,70.0,65.0,72.0,77.0,69.0,80.0,67.0,82.0,90.0,70.0,91.0,70.0,70.0,German 2. Bundesliga,Eintracht Braunschweig,<50%,1.0
80,84.0,75.0,90.0,94.0,77.0,70.0,69.0,75.0,76.0,75.0,68.0,68.0,64.0,62.0,61.0,68.0,74.0,70.0,83.0,68.0,69.0,74.0,70.0,69.0,69.0,72.0,74.0,66.0,79.0,81.0,71.0,89.0,66.0,66.0,Italy Serie B,Padova,<50%,0.0
81,92.0,87.0,91.0,93.0,78.0,76.0,77.0,82.0,75.0,72.0,75.0,74.0,68.0,75.0,77.0,76.0,75.0,80.0,90.0,78.0,78.0,77.0,74.0,77.0,77.0,78.0,81.0,75.0,93.0,92.0,79.0,85.0,75.0,70.0,Major League Soccer,Sporting Kansas City,>=50%,1.0
82,87.0,85.0,86.0,81.0,73.0,74.0,76.0,76.0,73.0,73.0,73.0,67.0,65.0,63.0,69.0,67.0,78.0,73.0,88.0,75.0,71.0,72.0,72.0,76.0,74.0,78.0,80.0,81.0,86.0,89.0,73.0,85.0,80.0,72.0,Major League Soccer,Orlando City SC,<50%,1.0
83,94.0,87.0,94.0,93.0,93.0,84.0,86.0,87.0,91.0,84.0,88.0,83.0,78.0,78.0,77.0,85.0,81.0,88.0,92.0,83.0,84.0,91.0,79.0,88.0,88.0,88.0,85.0,86.0,89.0,95.0,88.0,94.0,87.0,84.0,Italy Serie A,Napoli,>=50%,1.0
84,90.0,86.0,85.0,90.0,74.0,69.0,67.0,76.0,74.0,70.0,73.0,63.0,60.0,62.0,61.0,63.0,66.0,67.0,87.0,69.0,76.0,67.0,65.0,74.0,70.0,71.0,78.0,64.0,90.0,85.0,67.0,93.0,69.0,68.0,Australian A-League,Newcastle Jets,<50%,0.0
85,78.0,79.0,79.0,87.0,73.0,76.0,71.0,72.0,75.0,78.0,75.0,74.0,71.0,70.0,73.0,75.0,80.0,73.0,87.0,74.0,73.0,73.0,70.0,74.0,76.0,74.0,81.0,72.0,82.0,90.0,76.0,89.0,75.0,71.0,Spanish Segunda Division,Real Zaragoza,>=50%,0.0
86,90.0,89.0,91.0,87.0,80.0,81.0,73.0,79.0,83.0,73.0,77.0,68.0,69.0,70.0,73.0,74.0,75.0,72.0,84.0,78.0,74.0,75.0,79.0,79.0,78.0,78.0,83.0,74.0,91.0,91.0,75.0,88.0,74.0,72.0,English League Championship,Nottingham Forest,<50%,1.0
87,90.0,74.0,87.0,92.0,75.0,80.0,74.0,82.0,77.0,79.0,68.0,67.0,67.0,65.0,67.0,65.0,78.0,73.0,88.0,73.0,70.0,74.0,74.0,71.0,71.0,75.0,75.0,67.0,86.0,80.0,72.0,84.0,74.0,69.0,Dutch Eredivisie,Excelsior,<50%,0.0
88,90.0,81.0,91.0,91.0,79.0,73.0,73.0,70.0,80.0,64.0,73.0,72.0,68.0,66.0,65.0,73.0,79.0,74.0,82.0,72.0,75.0,73.0,83.0,77.0,72.0,78.0,76.0,74.0,92.0,87.0,73.0,82.0,72.0,67.0,Mexican Primera Division Torneo Clausura,Guadalajara,<50%,1.0
89,84.0,87.0,87.0,93.0,70.0,68.0,74.0,72.0,70.0,60.0,69.0,66.0,64.0,60.0,66.0,66.0,68.0,73.0,80.0,76.0,66.0,65.0,61.0,70.0,66.0,78.0,73.0,64.0,83.0,87.0,73.0,77.0,68.0,61.0,Swedish Allsvenskan,GIF Sundsvall,<50%,0.0
90,86.0,82.0,89.0,85.0,79.0,74.0,75.0,74.0,78.0,79.0,68.0,73.0,72.0,69.0,77.0,72.0,69.0,69.0,90.0,72.0,82.0,67.0,74.0,72.0,69.0,74.0,85.0,68.0,91.0,86.0,69.0,80.0,76.0,64.0,Dutch Eredivisie,PEC Zwolle,<50%,1.0
91,89.0,89.0,94.0,85.0,86.0,78.0,83.0,84.0,88.0,77.0,75.0,80.0,72.0,66.0,77.0,83.0,81.0,82.0,80.0,79.0,75.0,79.0,77.0,78.0,79.0,82.0,84.0,77.0,88.0,93.0,83.0,93.0,84.0,75.0,Barclays Premier League,Watford,<50%,1.0
92,86.0,82.0,88.0,88.0,65.0,66.0,72.0,69.0,63.0,70.0,64.0,62.0,60.0,58.0,61.0,64.0,66.0,66.0,89.0,64.0,68.0,62.0,68.0,63.0,68.0,67.0,66.0,63.0,85.0,92.0,67.0,83.0,66.0,60.0,English League Two,Grimsby Town,<50%,0.0
93,88.0,84.0,92.0,88.0,76.0,77.0,79.0,75.0,75.0,76.0,76.0,70.0,69.0,65.0,73.0,74.0,83.0,82.0,85.0,75.0,74.0,72.0,73.0,77.0,75.0,78.0,76.0,76.0,89.0,89.0,79.0,88.0,73.0,72.0,Mexican Primera Division Torneo Clausura,Pachuca,<50%,1.0
94,90.0,84.0,92.0,91.0,83.0,77.0,76.0,80.0,86.0,77.0,76.0,79.0,74.0,75.0,79.0,84.0,76.0,74.0,90.0,77.0,82.0,79.0,78.0,80.0,79.0,78.0,84.0,72.0,91.0,92.0,76.0,91.0,85.0,75.0,Argentina Primera Division,River Plate,>=50%,0.0
95,82.0,82.0,83.0,81.0,64.0,65.0,63.0,65.0,63.0,65.0,64.0,62.0,57.0,62.0,55.0,62.0,67.0,65.0,88.0,64.0,63.0,64.0,66.0,64.0,65.0,67.0,71.0,65.0,76.0,89.0,66.0,87.0,67.0,63.0,English League Two,Stevenage,<50%,1.0
96,84.0,77.0,88.0,90.0,74.0,75.0,82.0,82.0,74.0,83.0,73.0,70.0,68.0,61.0,70.0,74.0,73.0,70.0,81.0,75.0,82.0,72.0,84.0,71.0,69.0,75.0,80.0,71.0,86.0,85.0,72.0,86.0,72.0,71.0,German 2. Bundesliga,1. FC Heidenheim 1846,<50%,0.0
97,79.0,92.0,84.0,80.0,77.0,76.0,75.0,80.0,75.0,75.0,73.0,75.0,66.0,66.0,71.0,75.0,83.0,74.0,86.0,74.0,72.0,74.0,82.0,75.0,73.0,76.0,78.0,79.0,79.0,91.0,76.0,91.0,74.0,73.0,Barclays Premier League,Middlesbrough,>=50%,1.0
98,89.0,88.0,90.0,90.0,87.0,81.0,81.0,77.0,90.0,78.0,77.0,82.0,81.0,81.0,77.0,82.0,87.0,81.0,90.0,75.0,74.0,81.0,87.0,78.0,80.0,85.0,79.0,82.0,92.0,88.0,82.0,91.0,80.0,71.0,Barclays Premier League,Crystal Palace,<50%,0.0
99,91.0,90.0,89.0,91.0,81.0,76.0,76.0,80.0,83.0,68.0,78.0,74.0,72.0,70.0,75.0,80.0,82.0,76.0,90.0,78.0,79.0,78.0,70.0,80.0,76.0,80.0,81.0,76.0,90.0,91.0,78.0,90.0,76.0,75.0,Italy Serie A,Udinese,<50%,1.0
100,73.0,79.0,77.0,89.0,66.0,70.0,68.0,68.0,66.0,69.0,66.0,67.0,70.0,62.0,65.0,66.0,78.0,73.0,85.0,64.0,62.0,66.0,66.0,66.0,78.0,66.0,72.0,66.0,76.0,90.0,65.0,92.0,66.0,67.0,Austrian T-Mobile Bundesliga,SV Mattersburg,<50%,0.0
101,89.0,80.0,90.0,93.0,69.0,67.0,63.0,73.0,70.0,70.0,65.0,64.0,60.0,67.0,61.0,68.0,70.0,66.0,85.0,67.0,68.0,65.0,70.0,67.0,64.0,70.0,72.0,66.0,86.0,90.0,71.0,85.0,73.0,60.0,English League One,Bristol Rovers,<50%,1.0
102,93.0,92.0,92.0,85.0,84.0,80.0,76.0,80.0,86.0,83.0,86.0,77.0,71.0,67.0,76.0,78.0,82.0,81.0,90.0,76.0,85.0,85.0,75.0,82.0,80.0,79.0,86.0,78.0,90.0,93.0,81.0,89.0,80.0,75.0,Argentina Primera Division,Boca Juniors,>=50%,0.0
103,87.0,77.0,84.0,86.0,77.0,76.0,75.0,75.0,78.0,76.0,75.0,80.0,76.0,68.0,77.0,81.0,78.0,75.0,89.0,76.0,74.0,73.0,75.0,79.0,74.0,78.0,82.0,75.0,87.0,89.0,75.0,85.0,74.0,71.0,Italy Serie B,Frosinone,<50%,1.0
104,97.0,92.0,93.0,91.0,94.0,95.0,85.0,88.0,92.0,92.0,94.0,85.0,85.0,71.0,85.0,90.0,90.0,90.0,95.0,85.0,93.0,94.0,86.0,95.0,96.0,89.0,95.0,90.0,93.0,94.0,93.0,91.0,88.0,88.0,Italy Serie A,Juventus,>=50%,1.0
105,90.0,86.0,84.0,86.0,76.0,77.0,76.0,73.0,76.0,75.0,82.0,68.0,64.0,63.0,65.0,68.0,79.0,75.0,84.0,69.0,73.0,76.0,77.0,84.0,77.0,72.0,82.0,71.0,83.0,84.0,74.0,91.0,71.0,71.0,Argentina Primera Division,Godoy Cruz,>=50%,1.0
106,92.0,76.0,91.0,86.0,77.0,78.0,77.0,71.0,77.0,70.0,75.0,73.0,73.0,64.0,70.0,74.0,74.0,73.0,90.0,75.0,73.0,74.0,74.0,74.0,76.0,76.0,80.0,75.0,85.0,87.0,75.0,85.0,73.0,79.0,Italy Serie A,Benevento,<50%,1.0
107,82.0,73.0,77.0,81.0,74.0,72.0,76.0,79.0,75.0,75.0,76.0,66.0,68.0,57.0,66.0,70.0,77.0,74.0,87.0,72.0,71.0,69.0,75.0,76.0,68.0,72.0,75.0,72.0,86.0,86.0,76.0,93.0,72.0,69.0,Italy Serie B,Brescia,<50%,0.0
108,87.0,73.0,79.0,88.0,72.0,68.0,70.0,70.0,74.0,68.0,73.0,63.0,63.0,59.0,61.0,63.0,79.0,70.0,86.0,68.0,75.0,68.0,80.0,75.0,71.0,74.0,75.0,68.0,89.0,84.0,70.0,90.0,73.0,71.0,Swiss Raiffeisen Super League,FC Lugano,<50%,0.0
109,87.0,94.0,86.0,83.0,76.0,84.0,76.0,86.0,75.0,77.0,77.0,81.0,75.0,71.0,77.0,82.0,77.0,77.0,88.0,78.0,77.0,81.0,77.0,78.0,82.0,77.0,86.0,81.0,82.0,89.0,78.0,88.0,79.0,77.0,Brasileiro Série A,Internacional,>=50%,0.0
110,89.0,80.0,82.0,85.0,84.0,82.0,78.0,79.0,82.0,76.0,78.0,80.0,75.0,68.0,75.0,81.0,76.0,83.0,83.0,78.0,80.0,84.0,79.0,82.0,79.0,80.0,86.0,79.0,89.0,88.0,82.0,92.0,78.0,76.0,Italy Serie A,Bologna,<50%,0.0
111,82.0,94.0,83.0,79.0,65.0,68.0,62.0,70.0,64.0,61.0,64.0,64.0,61.0,64.0,62.0,70.0,64.0,69.0,92.0,67.0,65.0,68.0,68.0,62.0,63.0,70.0,74.0,65.0,84.0,84.0,68.0,85.0,65.0,67.0,English League Two,Newport County,<50%,1.0
112,91.0,86.0,84.0,81.0,68.0,67.0,67.0,63.0,68.0,61.0,66.0,67.0,66.0,65.0,66.0,68.0,70.0,70.0,79.0,68.0,65.0,68.0,66.0,68.0,69.0,68.0,70.0,70.0,88.0,84.0,71.0,83.0,66.0,65.0,English League One,Southend United,<50%,1.0
113,83.0,87.0,93.0,88.0,76.0,74.0,77.0,77.0,78.0,73.0,77.0,68.0,70.0,62.0,72.0,74.0,81.0,75.0,74.0,73.0,71.0,70.0,69.0,78.0,77.0,75.0,77.0,72.0,79.0,93.0,75.0,89.0,74.0,77.0,Italy Serie A,Crotone,<50%,0.0
114,89.0,83.0,85.0,84.0,75.0,75.0,74.0,73.0,74.0,75.0,76.0,73.0,70.0,69.0,68.0,74.0,75.0,75.0,82.0,82.0,73.0,74.0,78.0,80.0,75.0,77.0,77.0,73.0,86.0,84.0,74.0,86.0,76.0,73.0,English League Championship,Sheffield United,>=50%,1.0
115,90.0,86.0,90.0,93.0,86.0,80.0,78.0,78.0,84.0,78.0,78.0,81.0,82.0,66.0,82.0,79.0,80.0,79.0,90.0,78.0,83.0,80.0,76.0,82.0,76.0,82.0,84.0,80.0,78.0,88.0,80.0,92.0,82.0,77.0,Italy Serie A,Chievo Verona,<50%,0.0
116,87.0,82.0,84.0,84.0,71.0,78.0,73.0,68.0,70.0,68.0,69.0,70.0,62.0,59.0,68.0,71.0,79.0,72.0,85.0,70.0,68.0,71.0,66.0,70.0,72.0,71.0,76.0,70.0,90.0,84.0,72.0,93.0,73.0,72.0,Norwegian Tippeligaen,SK Brann,>=50%,1.0
117,91.0,82.0,91.0,92.0,80.0,77.0,74.0,76.0,81.0,74.0,77.0,72.0,70.0,80.0,74.0,76.0,81.0,72.0,83.0,74.0,74.0,76.0,77.0,80.0,73.0,80.0,85.0,74.0,91.0,86.0,78.0,91.0,74.0,76.0,Barclays Premier League,Swansea City,<50%,1.0
118,91.0,88.0,92.0,90.0,86.0,86.0,87.0,87.0,87.0,82.0,87.0,83.0,84.0,76.0,81.0,83.0,94.0,83.0,91.0,82.0,88.0,86.0,88.0,89.0,85.0,85.0,87.0,85.0,93.0,94.0,85.0,94.0,86.0,85.0,UEFA Champions League,Sporting CP,>=50%,1.0
119,87.0,82.0,91.0,96.0,72.0,72.0,71.0,67.0,72.0,72.0,74.0,64.0,66.0,59.0,63.0,65.0,73.0,63.0,84.0,66.0,71.0,68.0,74.0,72.0,73.0,69.0,79.0,65.0,86.0,81.0,69.0,83.0,72.0,75.0,Japanese J League,Shimizu S-Pulse,<50%,1.0
120,81.0,78.0,79.0,79.0,78.0,87.0,76.0,82.0,81.0,74.0,80.0,70.0,59.0,63.0,60.0,68.0,82.0,77.0,82.0,83.0,77.0,76.0,77.0,78.0,81.0,82.0,81.0,75.0,81.0,90.0,74.0,80.0,81.0,79.0,Major League Soccer,Chicago Fire,<50%,1.0
121,89.0,86.0,90.0,92.0,83.0,87.0,79.0,85.0,86.0,79.0,86.0,82.0,80.0,79.0,82.0,84.0,89.0,83.0,91.0,79.0,86.0,82.0,81.0,88.0,85.0,81.0,88.0,82.0,91.0,91.0,85.0,90.0,82.0,84.0,French Ligue 1,AS Monaco,<50%,1.0
122,87.0,83.0,93.0,94.0,83.0,81.0,85.0,86.0,80.0,83.0,81.0,82.0,76.0,63.0,76.0,85.0,93.0,85.0,88.0,87.0,78.0,78.0,84.0,83.0,80.0,85.0,83.0,77.0,87.0,82.0,80.0,94.0,86.0,80.0,Italy Serie A,Cagliari,<50%,1.0
123,88.0,79.0,83.0,88.0,66.0,62.0,70.0,65.0,67.0,76.0,68.0,63.0,59.0,50.0,55.0,67.0,69.0,59.0,85.0,64.0,69.0,73.0,64.0,68.0,60.0,67.0,76.0,62.0,82.0,82.0,66.0,83.0,64.0,54.0,English League Two,Tranmere Rovers,<50%,0.0
124,87.0,77.0,80.0,83.0,72.0,70.0,65.0,68.0,69.0,64.0,66.0,65.0,65.0,66.0,64.0,66.0,65.0,65.0,81.0,65.0,65.0,66.0,59.0,64.0,68.0,65.0,76.0,66.0,83.0,84.0,65.0,78.0,69.0,62.0,Norwegian Tippeligaen,IK Start,<50%,0.0
125,82.0,94.0,90.0,90.0,70.0,70.0,68.0,69.0,72.0,67.0,74.0,71.0,66.0,60.0,67.0,75.0,76.0,71.0,90.0,68.0,66.0,72.0,68.0,76.0,70.0,68.0,77.0,77.0,86.0,90.0,73.0,90.0,66.0,66.0,German 2. Bundesliga,1. FC Magdeburg,<50%,1.0
126,90.0,80.0,84.0,82.0,77.0,76.0,80.0,82.0,79.0,80.0,68.0,78.0,69.0,69.0,69.0,83.0,71.0,74.0,90.0,75.0,78.0,70.0,71.0,73.0,76.0,80.0,83.0,67.0,90.0,90.0,71.0,84.0,78.0,69.0,Major League Soccer,Philadelphia Union,<50%,1.0
127,92.0,81.0,88.0,90.0,81.0,75.0,74.0,82.0,80.0,74.0,73.0,74.0,73.0,68.0,70.0,75.0,76.0,74.0,86.0,77.0,75.0,76.0,70.0,74.0,75.0,74.0,83.0,81.0,92.0,87.0,76.0,90.0,79.0,73.0,German 2. Bundesliga,Fortuna Düsseldorf,<50%,0.0
128,89.0,77.0,83.0,86.0,71.0,75.0,72.0,76.0,71.0,74.0,65.0,68.0,63.0,63.0,66.0,69.0,67.0,71.0,85.0,73.0,70.0,67.0,71.0,70.0,76.0,72.0,75.0,68.0,89.0,84.0,72.0,89.0,80.0,65.0,Australian A-League,Adelaide United,<50%,0.0
129,91.0,79.0,95.0,92.0,78.0,75.0,72.0,72.0,78.0,79.0,72.0,76.0,74.0,66.0,82.0,76.0,69.0,74.0,86.0,72.0,80.0,74.0,76.0,76.0,73.0,76.0,86.0,71.0,92.0,92.0,74.0,89.0,72.0,75.0,Italy Serie B,Foggia,<50%,0.0
130,88.0,83.0,87.0,88.0,76.0,72.0,68.0,68.0,75.0,68.0,71.0,63.0,61.0,60.0,63.0,68.0,72.0,66.0,92.0,68.0,68.0,65.0,72.0,73.0,66.0,74.0,70.0,67.0,89.0,80.0,67.0,90.0,69.0,66.0,Italy Serie B,Cosenza,<50%,0.0
131,91.0,87.0,92.0,92.0,79.0,78.0,80.0,84.0,76.0,80.0,71.0,69.0,69.0,67.0,72.0,70.0,72.0,75.0,91.0,77.0,72.0,74.0,70.0,78.0,76.0,77.0,77.0,77.0,91.0,87.0,75.0,92.0,79.0,76.0,Swedish Allsvenskan,AIK,>=50%,0.0
132,89.0,71.0,90.0,85.0,73.0,79.0,78.0,82.0,73.0,86.0,74.0,71.0,72.0,75.0,70.0,70.0,73.0,72.0,85.0,74.0,71.0,66.0,82.0,76.0,75.0,75.0,75.0,74.0,92.0,93.0,75.0,83.0,77.0,66.0,Japanese J League,Gamba Osaka,>=50%,0.0
133,86.0,85.0,82.0,83.0,70.0,74.0,72.0,77.0,72.0,76.0,64.0,65.0,62.0,63.0,67.0,71.0,67.0,65.0,91.0,73.0,72.0,69.0,71.0,66.0,69.0,71.0,75.0,70.0,88.0,88.0,69.0,87.0,72.0,61.0,English League One,Oxford United,<50%,0.0
134,83.0,78.0,82.0,83.0,78.0,75.0,71.0,75.0,76.0,77.0,78.0,73.0,68.0,75.0,70.0,76.0,77.0,74.0,85.0,73.0,72.0,71.0,71.0,77.0,77.0,75.0,78.0,73.0,93.0,86.0,72.0,82.0,76.0,76.0,Japanese J League,Urawa Red Diamonds,>=50%,1.0
135,91.0,83.0,90.0,94.0,80.0,84.0,75.0,83.0,86.0,82.0,80.0,74.0,69.0,74.0,74.0,78.0,86.0,75.0,89.0,77.0,77.0,75.0,80.0,82.0,76.0,84.0,84.0,78.0,92.0,91.0,76.0,85.0,77.0,74.0,Argentina Primera Division,Racing Club,>=50%,1.0
136,87.0,82.0,89.0,80.0,74.0,78.0,78.0,77.0,76.0,74.0,72.0,69.0,64.0,64.0,63.0,68.0,91.0,75.0,86.0,73.0,70.0,72.0,85.0,74.0,74.0,72.0,76.0,76.0,90.0,92.0,77.0,93.0,77.0,73.0,English League Championship,Queens Park Rangers,<50%,1.0
137,84.0,82.0,93.0,86.0,77.0,76.0,71.0,79.0,82.0,68.0,73.0,67.0,64.0,65.0,66.0,66.0,79.0,75.0,79.0,77.0,81.0,74.0,72.0,80.0,74.0,79.0,78.0,72.0,81.0,88.0,73.0,84.0,72.0,74.0,Major League Soccer,San Jose Earthquakes,<50%,1.0
138,93.0,79.0,90.0,83.0,83.0,84.0,72.0,80.0,83.0,80.0,78.0,70.0,64.0,67.0,57.0,68.0,76.0,81.0,86.0,70.0,76.0,74.0,78.0,83.0,82.0,80.0,80.0,80.0,90.0,83.0,81.0,88.0,79.0,78.0,Chinese Super League,Jiangsu Suning FC,>=50%,0.0
139,92.0,85.0,91.0,89.0,77.0,81.0,76.0,76.0,81.0,76.0,80.0,74.0,68.0,72.0,72.0,73.0,86.0,82.0,88.0,72.0,77.0,75.0,75.0,80.0,78.0,78.0,86.0,75.0,91.0,90.0,80.0,87.0,74.0,77.0,Mexican Primera Division Torneo Clausura,Monterrey,>=50%,1.0
140,85.0,81.0,91.0,84.0,88.0,86.0,84.0,90.0,87.0,86.0,80.0,83.0,79.0,85.0,75.0,80.0,81.0,83.0,90.0,89.0,81.0,84.0,77.0,84.0,84.0,87.0,87.0,79.0,86.0,91.0,84.0,87.0,88.0,84.0,Dutch Eredivisie,Ajax,>=50%,1.0
141,81.0,83.0,87.0,78.0,66.0,66.0,66.0,67.0,67.0,74.0,62.0,63.0,58.0,59.0,61.0,65.0,65.0,65.0,88.0,63.0,66.0,64.0,63.0,64.0,65.0,65.0,69.0,65.0,77.0,87.0,67.0,83.0,65.0,56.0,English League Two,Carlisle United,>=50%,0.0
142,88.0,83.0,83.0,88.0,80.0,81.0,84.0,86.0,79.0,76.0,79.0,76.0,74.0,70.0,73.0,77.0,81.0,76.0,83.0,76.0,78.0,80.0,78.0,82.0,77.0,77.0,86.0,76.0,94.0,84.0,78.0,90.0,80.0,80.0,Barclays Premier League,West Bromwich Albion,<50%,0.0
143,82.0,87.0,92.0,77.0,84.0,80.0,75.0,88.0,82.0,86.0,78.0,69.0,65.0,64.0,66.0,70.0,80.0,71.0,93.0,80.0,80.0,69.0,76.0,74.0,74.0,80.0,84.0,73.0,87.0,93.0,74.0,82.0,81.0,74.0,Australian A-League,Melbourne Victory,>=50%,0.0
144,92.0,76.0,91.0,88.0,75.0,77.0,70.0,71.0,77.0,75.0,78.0,73.0,66.0,63.0,71.0,75.0,73.0,75.0,84.0,74.0,70.0,70.0,69.0,81.0,76.0,77.0,74.0,73.0,90.0,78.0,73.0,81.0,74.0,71.0,English League Championship,Brentford,<50%,1.0
145,83.0,83.0,84.0,81.0,76.0,72.0,79.0,84.0,77.0,77.0,75.0,70.0,70.0,66.0,72.0,73.0,81.0,75.0,85.0,74.0,74.0,72.0,79.0,75.0,72.0,76.0,80.0,76.0,88.0,91.0,76.0,84.0,76.0,80.0,Spanish Segunda Division,Real Oviedo,<50%,1.0
146,92.0,79.0,87.0,93.0,75.0,77.0,72.0,71.0,75.0,72.0,74.0,72.0,72.0,68.0,69.0,75.0,72.0,73.0,92.0,73.0,73.0,73.0,70.0,74.0,73.0,73.0,75.0,69.0,90.0,90.0,70.0,88.0,72.0,76.0,Belgian Jupiler League,KV Kortrijk,<50%,1.0
147,83.0,79.0,84.0,82.0,66.0,64.0,69.0,66.0,66.0,69.0,64.0,63.0,60.0,63.0,60.0,62.0,65.0,61.0,86.0,64.0,67.0,63.0,67.0,64.0,63.0,65.0,68.0,62.0,81.0,81.0,64.0,83.0,65.0,56.0,English League Two,Forest Green Rovers,>=50%,1.0
148,87.0,86.0,83.0,79.0,74.0,79.0,69.0,65.0,73.0,63.0,74.0,74.0,64.0,69.0,68.0,73.0,76.0,72.0,84.0,74.0,73.0,72.0,65.0,72.0,73.0,78.0,76.0,75.0,86.0,91.0,74.0,93.0,80.0,68.0,German 2. Bundesliga,Holstein Kiel,<50%,0.0
149,90.0,80.0,85.0,89.0,71.0,71.0,69.0,64.0,71.0,65.0,72.0,63.0,62.0,61.0,68.0,64.0,74.0,73.0,84.0,69.0,69.0,66.0,73.0,66.0,71.0,74.0,75.0,69.0,94.0,89.0,66.0,83.0,73.0,68.0,English League Championship,Burton Albion,<50%,0.0
150,90.0,87.0,90.0,86.0,72.0,75.0,70.0,73.0,74.0,75.0,67.0,77.0,68.0,67.0,71.0,76.0,71.0,74.0,85.0,71.0,73.0,73.0,73.0,73.0,72.0,74.0,75.0,69.0,87.0,94.0,74.0,89.0,68.0,65.0,Scottish Premiership,Aberdeen,>=50%,1.0
151,88.0,78.0,86.0,87.0,77.0,72.0,73.0,81.0,81.0,76.0,77.0,65.0,67.0,59.0,61.0,66.0,76.0,73.0,88.0,74.0,78.0,72.0,80.0,73.0,76.0,74.0,84.0,73.0,87.0,85.0,77.0,83.0,76.0,71.0,Turkish Turkcell Super Lig,Bursaspor,<50%,1.0
152,93.0,84.0,90.0,89.0,90.0,89.0,85.0,89.0,87.0,84.0,87.0,86.0,80.0,73.0,79.0,86.0,83.0,85.0,91.0,82.0,86.0,82.0,89.0,88.0,87.0,89.0,88.0,85.0,92.0,90.0,84.0,87.0,86.0,90.0,German Bundesliga,Borussia Dortmund,>=50%,1.0
153,85.0,89.0,91.0,91.0,67.0,74.0,72.0,70.0,70.0,74.0,66.0,71.0,65.0,67.0,68.0,75.0,72.0,67.0,91.0,67.0,66.0,68.0,69.0,64.0,68.0,67.0,77.0,67.0,85.0,91.0,68.0,88.0,70.0,60.0,Scottish Premiership,Motherwell,<50%,1.0
154,86.0,86.0,87.0,91.0,77.0,77.0,70.0,73.0,78.0,79.0,73.0,83.0,67.0,67.0,78.0,82.0,74.0,71.0,92.0,70.0,70.0,70.0,73.0,72.0,75.0,70.0,79.0,71.0,86.0,82.0,72.0,86.0,70.0,76.0,Mexican Primera Division Torneo Clausura,Querétaro,<50%,0.0
155,87.0,80.0,82.0,83.0,75.0,75.0,76.0,72.0,75.0,77.0,69.0,74.0,67.0,66.0,70.0,78.0,78.0,78.0,82.0,73.0,71.0,78.0,68.0,72.0,73.0,74.0,80.0,72.0,90.0,92.0,76.0,90.0,75.0,71.0,Belgian Jupiler League,KV Oostende,<50%,1.0
156,93.0,80.0,89.0,86.0,73.0,78.0,71.0,70.0,74.0,70.0,69.0,70.0,66.0,66.0,69.0,70.0,71.0,70.0,83.0,73.0,68.0,68.0,80.0,73.0,77.0,74.0,73.0,72.0,93.0,84.0,73.0,87.0,73.0,64.0,Scottish Premiership,Hibernian,>=50%,1.0
157,92.0,92.0,92.0,87.0,86.0,90.0,89.0,87.0,93.0,80.0,80.0,87.0,74.0,73.0,82.0,84.0,81.0,84.0,90.0,86.0,87.0,85.0,76.0,84.0,84.0,83.0,87.0,82.0,92.0,94.0,85.0,90.0,81.0,81.0,UEFA Champions League,FC Porto,>=50%,1.0
158,93.0,85.0,82.0,78.0,81.0,75.0,74.0,77.0,82.0,72.0,74.0,67.0,65.0,67.0,75.0,69.0,80.0,68.0,87.0,71.0,76.0,77.0,80.0,76.0,74.0,74.0,80.0,74.0,93.0,83.0,75.0,90.0,78.0,73.0,Dutch Eredivisie,ADO Den Haag,<50%,0.0
159,89.0,90.0,89.0,86.0,75.0,74.0,69.0,75.0,78.0,72.0,78.0,75.0,71.0,70.0,73.0,77.0,75.0,75.0,89.0,73.0,71.0,72.0,70.0,76.0,72.0,77.0,75.0,74.0,88.0,86.0,74.0,85.0,76.0,64.0,Major League Soccer,New York Red Bulls,>=50%,1.0
160,94.0,93.0,87.0,93.0,90.0,86.0,83.0,84.0,85.0,77.0,88.0,84.0,82.0,75.0,85.0,82.0,85.0,87.0,86.0,85.0,80.0,85.0,84.0,90.0,87.0,89.0,88.0,85.0,95.0,92.0,87.0,90.0,91.0,86.0,Barclays Premier League,Arsenal,>=50%,1.0
161,90.0,88.0,90.0,86.0,71.0,69.0,70.0,69.0,70.0,66.0,66.0,68.0,69.0,58.0,67.0,69.0,66.0,69.0,86.0,64.0,66.0,68.0,70.0,67.0,68.0,67.0,77.0,63.0,88.0,84.0,66.0,86.0,66.0,69.0,Norwegian Tippeligaen,Kristiansund BK,<50%,0.0
162,85.0,84.0,90.0,91.0,82.0,82.0,81.0,86.0,82.0,78.0,79.0,78.0,67.0,76.0,77.0,80.0,82.0,80.0,86.0,77.0,83.0,77.0,70.0,75.0,77.0,80.0,82.0,76.0,90.0,92.0,79.0,91.0,79.0,74.0,Dutch Eredivisie,Feyenoord,>=50%,1.0
163,84.0,82.0,91.0,88.0,84.0,82.0,74.0,80.0,86.0,74.0,81.0,72.0,65.0,63.0,68.0,72.0,75.0,76.0,87.0,74.0,80.0,75.0,80.0,83.0,82.0,80.0,83.0,74.0,84.0,91.0,74.0,93.0,77.0,77.0,Major League Soccer,Montreal Impact,<50%,1.0
164,91.0,79.0,94.0,90.0,77.0,74.0,73.0,73.0,78.0,76.0,72.0,71.0,69.0,69.0,70.0,73.0,74.0,72.0,85.0,74.0,77.0,70.0,69.0,73.0,79.0,77.0,79.0,68.0,85.0,91.0,70.0,90.0,76.0,74.0,Major League Soccer,Real Salt Lake,<50%,1.0
165,92.0,78.0,91.0,85.0,80.0,76.0,74.0,78.0,80.0,83.0,70.0,65.0,64.0,61.0,70.0,77.0,74.0,73.0,87.0,78.0,75.0,75.0,68.0,71.0,72.0,76.0,80.0,70.0,92.0,81.0,75.0,92.0,73.0,73.0,German 2. Bundesliga,FC St. Pauli,>=50%,0.0
166,85.0,72.0,85.0,90.0,72.0,74.0,64.0,64.0,71.0,67.0,71.0,66.0,64.0,65.0,67.0,70.0,71.0,69.0,77.0,75.0,71.0,74.0,74.0,69.0,70.0,76.0,68.0,72.0,80.0,79.0,74.0,81.0,76.0,65.0,Italy Serie B,Cittadella,<50%,0.0
167,90.0,82.0,87.0,86.0,72.0,73.0,73.0,74.0,74.0,71.0,72.0,69.0,71.0,68.0,74.0,73.0,74.0,71.0,84.0,71.0,70.0,72.0,72.0,72.0,74.0,72.0,74.0,70.0,90.0,85.0,71.0,92.0,69.0,66.0,English League Championship,Ipswich Town,<50%,1.0
168,91.0,80.0,90.0,93.0,78.0,78.0,74.0,80.0,81.0,76.0,75.0,72.0,69.0,73.0,71.0,72.0,79.0,78.0,85.0,80.0,76.0,78.0,74.0,76.0,77.0,78.0,79.0,78.0,86.0,88.0,77.0,86.0,80.0,72.0,French Ligue 1,Dijon FCO,<50%,0.0
169,88.0,83.0,84.0,80.0,70.0,73.0,73.0,72.0,69.0,74.0,72.0,63.0,59.0,55.0,64.0,62.0,69.0,69.0,85.0,74.0,72.0,69.0,65.0,71.0,69.0,72.0,78.0,67.0,85.0,85.0,69.0,90.0,71.0,70.0,German 2. Bundesliga,1. FC Kaiserslautern,<50%,0.0
170,86.0,82.0,88.0,92.0,85.0,83.0,74.0,83.0,83.0,80.0,86.0,72.0,64.0,64.0,69.0,75.0,75.0,75.0,79.0,74.0,80.0,74.0,88.0,86.0,83.0,76.0,81.0,76.0,84.0,93.0,76.0,84.0,77.0,79.0,Major League Soccer,New York City FC,>=50%,1.0
171,87.0,74.0,92.0,91.0,68.0,82.0,65.0,68.0,69.0,70.0,67.0,65.0,59.0,60.0,60.0,61.0,71.0,64.0,92.0,68.0,66.0,65.0,67.0,69.0,67.0,72.0,70.0,64.0,90.0,86.0,66.0,81.0,64.0,67.0,English League Two,Notts County,<50%,1.0
172,86.0,79.0,83.0,90.0,69.0,67.0,64.0,68.0,70.0,63.0,62.0,64.0,58.0,60.0,55.0,68.0,72.0,65.0,81.0,67.0,65.0,61.0,69.0,64.0,64.0,66.0,70.0,64.0,85.0,83.0,63.0,91.0,67.0,62.0,Swedish Allsvenskan,Dalkurd FF,<50%,0.0
173,94.0,95.0,88.0,85.0,73.0,78.0,77.0,78.0,74.0,75.0,73.0,74.0,68.0,70.0,68.0,73.0,75.0,74.0,91.0,74.0,74.0,74.0,70.0,74.0,72.0,73.0,79.0,74.0,94.0,91.0,75.0,87.0,77.0,72.0,English League Championship,Preston North End,<50%,1.0
174,83.0,92.0,92.0,91.0,78.0,79.0,77.0,76.0,78.0,73.0,77.0,75.0,70.0,70.0,74.0,75.0,77.0,74.0,91.0,81.0,78.0,74.0,73.0,75.0,72.0,75.0,77.0,74.0,79.0,87.0,75.0,91.0,76.0,74.0,English League Championship,Sheffield Wednesday,<50%,0.0
175,88.0,84.0,87.0,89.0,76.0,79.0,76.0,80.0,76.0,80.0,78.0,74.0,72.0,75.0,68.0,70.0,75.0,76.0,88.0,76.0,74.0,74.0,86.0,75.0,77.0,79.0,75.0,78.0,88.0,82.0,77.0,82.0,76.0,73.0,Spanish Segunda Division,SD Huesca,<50%,0.0
176,82.0,90.0,91.0,82.0,77.0,73.0,72.0,76.0,78.0,73.0,68.0,70.0,73.0,72.0,72.0,69.0,71.0,69.0,85.0,72.0,80.0,68.0,75.0,69.0,71.0,72.0,75.0,74.0,79.0,87.0,71.0,86.0,71.0,72.0,Barclays Premier League,Sunderland,<50%,1.0
177,82.0,89.0,83.0,87.0,78.0,82.0,76.0,74.0,77.0,73.0,84.0,76.0,77.0,71.0,72.0,79.0,82.0,77.0,85.0,73.0,73.0,76.0,76.0,85.0,84.0,78.0,81.0,77.0,87.0,90.0,81.0,83.0,75.0,83.0,German Bundesliga,SC Freiburg,<50%,1.0
178,86.0,78.0,86.0,78.0,79.0,68.0,73.0,78.0,74.0,73.0,70.0,68.0,67.0,66.0,67.0,68.0,70.0,70.0,91.0,73.0,72.0,72.0,71.0,70.0,73.0,76.0,77.0,68.0,86.0,82.0,70.0,80.0,74.0,65.0,Dutch Eredivisie,Fortuna Sittard,<50%,0.0
179,89.0,85.0,91.0,89.0,85.0,81.0,74.0,80.0,83.0,78.0,84.0,78.0,73.0,72.0,73.0,78.0,78.0,78.0,80.0,77.0,89.0,79.0,84.0,84.0,81.0,81.0,87.0,79.0,87.0,81.0,81.0,87.0,80.0,87.0,Italy Serie A,Sampdoria,<50%,1.0
180,88.0,65.0,88.0,86.0,70.0,74.0,73.0,67.0,71.0,69.0,68.0,64.0,62.0,67.0,62.0,63.0,81.0,72.0,80.0,67.0,68.0,65.0,72.0,73.0,70.0,71.0,73.0,68.0,82.0,92.0,69.0,92.0,69.0,69.0,Japanese J League,Vegalta Sendai,<50%,1.0
181,84.0,79.0,90.0,84.0,74.0,84.0,79.0,80.0,71.0,80.0,67.0,66.0,63.0,63.0,64.0,64.0,72.0,77.0,82.0,77.0,72.0,67.0,82.0,70.0,82.0,75.0,75.0,64.0,91.0,81.0,69.0,81.0,81.0,74.0,Swedish Allsvenskan,Kalmar FF,<50%,0.0
182,90.0,88.0,82.0,79.0,83.0,84.0,80.0,80.0,86.0,76.0,84.0,82.0,73.0,72.0,78.0,80.0,83.0,82.0,81.0,80.0,82.0,82.0,79.0,84.0,81.0,80.0,81.0,82.0,85.0,86.0,83.0,86.0,81.0,79.0,Russian Premier Liga,Lokomotiv Moscow,<50%,0.0
183,84.0,78.0,92.0,89.0,66.0,67.0,64.0,65.0,64.0,66.0,68.0,69.0,69.0,67.0,68.0,70.0,68.0,64.0,83.0,65.0,65.0,66.0,69.0,67.0,67.0,65.0,71.0,64.0,85.0,91.0,65.0,86.0,64.0,62.0,English League One,Accrington Stanley,<50%,0.0
184,87.0,85.0,90.0,82.0,79.0,82.0,78.0,81.0,84.0,75.0,81.0,83.0,77.0,77.0,81.0,83.0,85.0,86.0,85.0,78.0,87.0,80.0,87.0,82.0,81.0,80.0,87.0,82.0,86.0,89.0,81.0,90.0,76.0,85.0,German Bundesliga,VfL Wolfsburg,<50%,1.0
185,90.0,89.0,88.0,79.0,71.0,70.0,66.0,65.0,69.0,72.0,69.0,64.0,65.0,66.0,69.0,70.0,72.0,64.0,91.0,67.0,65.0,63.0,64.0,70.0,67.0,72.0,74.0,68.0,88.0,83.0,69.0,85.0,70.0,67.0,English League One,Luton Town,>=50%,1.0
186,90.0,85.0,92.0,94.0,71.0,74.0,68.0,69.0,72.0,70.0,69.0,67.0,63.0,61.0,67.0,71.0,70.0,73.0,93.0,69.0,66.0,74.0,68.0,73.0,72.0,73.0,73.0,69.0,92.0,88.0,70.0,93.0,72.0,64.0,English League One,Charlton Athletic,>=50%,1.0
187,88.0,84.0,93.0,88.0,75.0,79.0,74.0,77.0,75.0,75.0,71.0,76.0,62.0,77.0,60.0,76.0,76.0,75.0,75.0,76.0,74.0,82.0,75.0,77.0,81.0,76.0,75.0,74.0,87.0,87.0,77.0,83.0,71.0,75.0,Brasileiro Série A,Paraná,<50%,0.0
188,91.0,88.0,90.0,94.0,78.0,80.0,74.0,78.0,76.0,70.0,73.0,81.0,75.0,71.0,76.0,80.0,76.0,80.0,91.0,78.0,77.0,74.0,76.0,74.0,75.0,82.0,82.0,77.0,86.0,90.0,78.0,93.0,81.0,78.0,Belgian Jupiler League,KAA Gent,<50%,1.0
189,91.0,91.0,89.0,87.0,82.0,83.0,78.0,80.0,78.0,79.0,80.0,68.0,65.0,64.0,65.0,67.0,77.0,72.0,87.0,76.0,84.0,72.0,79.0,84.0,80.0,79.0,85.0,71.0,91.0,86.0,75.0,88.0,82.0,76.0,Major League Soccer,Portland Timbers,>=50%,1.0
190,92.0,80.0,85.0,91.0,76.0,76.0,74.0,81.0,79.0,74.0,75.0,72.0,71.0,79.0,71.0,73.0,84.0,78.0,86.0,74.0,78.0,74.0,75.0,78.0,74.0,74.0,83.0,72.0,89.0,88.0,72.0,90.0,75.0,73.0,Dutch Eredivisie,FC Utrecht,>=50%,0.0
191,89.0,79.0,93.0,83.0,75.0,75.0,71.0,75.0,82.0,66.0,74.0,70.0,67.0,68.0,67.0,69.0,72.0,72.0,81.0,72.0,75.0,70.0,69.0,80.0,74.0,76.0,81.0,72.0,90.0,84.0,72.0,87.0,77.0,72.0,Major League Soccer,Minnesota United FC,<50%,1.0
192,88.0,89.0,85.0,83.0,74.0,74.0,80.0,69.0,74.0,76.0,75.0,68.0,66.0,65.0,65.0,71.0,77.0,75.0,94.0,78.0,74.0,72.0,80.0,77.0,75.0,78.0,75.0,77.0,88.0,85.0,76.0,90.0,77.0,67.0,Argentina Primera Division,Rosario Central,<50%,0.0
193,81.0,83.0,86.0,85.0,76.0,75.0,75.0,75.0,76.0,72.0,66.0,72.0,66.0,66.0,69.0,71.0,79.0,75.0,89.0,73.0,74.0,72.0,71.0,70.0,74.0,75.0,84.0,72.0,82.0,84.0,74.0,92.0,74.0,73.0,Swiss Raiffeisen Super League,FC Sion,<50%,0.0
194,90.0,80.0,88.0,87.0,68.0,69.0,70.0,76.0,65.0,79.0,67.0,64.0,63.0,63.0,61.0,68.0,66.0,69.0,86.0,68.0,65.0,63.0,69.0,69.0,79.0,70.0,77.0,63.0,88.0,80.0,67.0,83.0,71.0,65.0,English League Two,Swindon Town,<50%,0.0
195,92.0,86.0,94.0,93.0,84.0,89.0,86.0,86.0,88.0,82.0,86.0,81.0,82.0,79.0,83.0,81.0,86.0,86.0,91.0,86.0,80.0,84.0,90.0,82.0,82.0,85.0,82.0,84.0,89.0,84.0,85.0,90.0,85.0,81.0,Spanish Primera Division,Real Betis,>=50%,1.0
196,90.0,85.0,84.0,87.0,69.0,70.0,70.0,66.0,69.0,66.0,66.0,65.0,57.0,65.0,61.0,67.0,71.0,65.0,88.0,69.0,67.0,68.0,66.0,71.0,69.0,69.0,70.0,66.0,87.0,89.0,65.0,97.0,65.0,61.0,English League One,Wycombe Wanderers,<50%,1.0
197,91.0,78.0,88.0,86.0,75.0,71.0,76.0,78.0,81.0,72.0,76.0,72.0,70.0,68.0,72.0,73.0,81.0,74.0,86.0,73.0,72.0,78.0,70.0,72.0,73.0,78.0,76.0,74.0,90.0,88.0,76.0,86.0,73.0,67.0,Japanese J League,Kashima Antlers,>=50%,1.0
198,83.0,89.0,80.0,90.0,75.0,75.0,71.0,71.0,86.0,72.0,84.0,69.0,62.0,62.0,58.0,70.0,78.0,75.0,85.0,72.0,71.0,74.0,80.0,76.0,70.0,77.0,84.0,77.0,89.0,81.0,78.0,80.0,75.0,71.0,South African ABSA Premier League,Kaizer Chiefs,<50%,0.0
199,93.0,86.0,85.0,87.0,73.0,66.0,68.0,65.0,71.0,67.0,65.0,65.0,61.0,61.0,62.0,64.0,73.0,63.0,85.0,68.0,69.0,66.0,65.0,67.0,67.0,72.0,70.0,65.0,94.0,92.0,67.0,84.0,68.0,63.0,English League One,Doncaster Rovers,>=50%,0.0
200,86.0,82.0,83.0,78.0,78.0,73.0,75.0,79.0,82.0,73.0,79.0,77.0,70.0,70.0,76.0,76.0,75.0,76.0,82.0,74.0,82.0,83.0,76.0,82.0,82.0,76.0,83.0,76.0,83.0,81.0,77.0,88.0,77.0,76.0,Brasileiro Série A,Santos,<50%,0.0
201,80.0,72.0,87.0,92.0,64.0,63.0,67.0,63.0,64.0,57.0,65.0,65.0,58.0,58.0,61.0,66.0,65.0,60.0,88.0,65.0,62.0,64.0,65.0,67.0,69.0,65.0,64.0,62.0,79.0,79.0,63.0,84.0,63.0,57.0,English League Two,Crewe Alexandra,<50%,0.0
202,92.0,89.0,92.0,90.0,63.0,64.0,62.0,63.0,64.0,62.0,63.0,63.0,62.0,62.0,62.0,63.0,64.0,62.0,83.0,62.0,59.0,63.0,69.0,65.0,64.0,63.0,63.0,64.0,89.0,85.0,63.0,91.0,63.0,59.0,English League Two,Yeovil Town,<50%,0.0
203,94.0,91.0,94.0,90.0,91.0,90.0,91.0,87.0,89.0,87.0,94.0,88.0,84.0,84.0,83.0,92.0,90.0,89.0,94.0,88.0,89.0,90.0,90.0,93.0,91.0,91.0,88.0,88.0,90.0,92.0,91.0,92.0,91.0,84.0,Barclays Premier League,Tottenham Hotspur,>=50%,1.0
204,90.0,94.0,90.0,90.0,90.0,87.0,84.0,86.0,87.0,86.0,87.0,90.0,85.0,87.0,88.0,94.0,93.0,86.0,87.0,90.0,81.0,83.0,81.0,89.0,90.0,86.0,90.0,83.0,93.0,88.0,84.0,94.0,87.0,85.0,Barclays Premier League,Manchester United,>=50%,1.0
205,77.0,66.0,94.0,92.0,73.0,72.0,70.0,74.0,74.0,64.0,65.0,68.0,67.0,62.0,64.0,63.0,75.0,72.0,90.0,73.0,73.0,63.0,69.0,78.0,68.0,72.0,70.0,64.0,82.0,91.0,66.0,88.0,69.0,70.0,Japanese J League,Shonan Bellmare,<50%,0.0
206,95.0,88.0,89.0,94.0,80.0,80.0,79.0,82.0,81.0,80.0,79.0,76.0,72.0,71.0,72.0,74.0,79.0,76.0,87.0,80.0,80.0,79.0,80.0,76.0,78.0,81.0,88.0,79.0,94.0,90.0,78.0,89.0,79.0,76.0,Spanish Segunda Division,Rayo Vallecano,<50%,0.0
207,80.0,79.0,91.0,93.0,65.0,74.0,66.0,66.0,68.0,64.0,68.0,65.0,63.0,61.0,65.0,63.0,71.0,63.0,93.0,63.0,61.0,70.0,62.0,67.0,65.0,65.0,66.0,64.0,79.0,82.0,65.0,89.0,64.0,60.0,English League Two,Port Vale,<50%,0.0
208,91.0,83.0,92.0,93.0,79.0,80.0,76.0,79.0,86.0,73.0,76.0,74.0,74.0,74.0,79.0,81.0,80.0,78.0,84.0,76.0,71.0,75.0,81.0,80.0,75.0,77.0,75.0,73.0,90.0,92.0,76.0,81.0,73.0,76.0,Mexican Primera Division Torneo Clausura,Club América,>=50%,1.0
209,93.0,82.0,91.0,81.0,75.0,75.0,74.0,72.0,77.0,77.0,71.0,75.0,70.0,74.0,74.0,77.0,74.0,73.0,90.0,73.0,73.0,76.0,82.0,72.0,73.0,74.0,75.0,74.0,92.0,83.0,74.0,90.0,73.0,67.0,Danish SAS-Ligaen,FC Midtjylland,>=50%,1.0
210,87.0,74.0,86.0,80.0,68.0,67.0,70.0,67.0,67.0,68.0,66.0,69.0,68.0,70.0,66.0,69.0,70.0,68.0,76.0,67.0,73.0,69.0,68.0,67.0,68.0,70.0,72.0,71.0,88.0,81.0,72.0,87.0,69.0,64.0,English League Championship,Rotherham United,<50%,1.0
211,89.0,85.0,80.0,81.0,74.0,75.0,71.0,73.0,73.0,71.0,71.0,70.0,69.0,66.0,72.0,71.0,73.0,71.0,83.0,71.0,75.0,72.0,72.0,74.0,74.0,74.0,80.0,70.0,86.0,81.0,73.0,88.0,73.0,72.0,Barclays Premier League,Hull City,<50%,1.0
212,91.0,90.0,90.0,85.0,69.0,77.0,70.0,72.0,72.0,69.0,68.0,67.0,59.0,63.0,61.0,69.0,67.0,65.0,87.0,65.0,64.0,65.0,68.0,68.0,64.0,69.0,79.0,68.0,90.0,93.0,67.0,85.0,70.0,65.0,English League One,Coventry City,<50%,0.0
213,90.0,88.0,92.0,90.0,74.0,69.0,72.0,74.0,75.0,69.0,73.0,66.0,71.0,68.0,71.0,66.0,69.0,63.0,85.0,71.0,71.0,66.0,68.0,70.0,73.0,74.0,70.0,66.0,92.0,91.0,68.0,85.0,69.0,69.0,Swedish Allsvenskan,IF Elfsborg,<50%,0.0
214,91.0,83.0,83.0,88.0,80.0,80.0,70.0,75.0,78.0,71.0,77.0,76.0,71.0,82.0,77.0,76.0,80.0,79.0,84.0,74.0,72.0,74.0,78.0,79.0,78.0,79.0,79.0,74.0,87.0,90.0,77.0,85.0,74.0,73.0,Mexican Primera Division Torneo Clausura,Santos Laguna,>=50%,0.0
215,94.0,82.0,90.0,93.0,73.0,73.0,74.0,76.0,75.0,72.0,69.0,68.0,69.0,69.0,69.0,69.0,75.0,73.0,85.0,71.0,71.0,72.0,76.0,71.0,74.0,73.0,79.0,74.0,93.0,91.0,73.0,83.0,68.0,70.0,English League Championship,Reading,<50%,1.0
216,91.0,80.0,85.0,82.0,77.0,75.0,70.0,75.0,78.0,69.0,74.0,68.0,65.0,71.0,69.0,77.0,70.0,76.0,82.0,75.0,72.0,68.0,71.0,75.0,74.0,71.0,75.0,68.0,90.0,87.0,71.0,85.0,71.0,66.0,Major League Soccer,Houston Dynamo,<50%,0.0
217,88.0,88.0,86.0,90.0,83.0,81.0,83.0,86.0,85.0,78.0,77.0,79.0,84.0,77.0,83.0,78.0,83.0,84.0,81.0,82.0,78.0,85.0,77.0,82.0,85.0,83.0,85.0,82.0,87.0,88.0,87.0,92.0,83.0,76.0,Brasileiro Série A,Grêmio,>=50%,0.0
218,80.0,86.0,81.0,81.0,77.0,74.0,74.0,80.0,77.0,82.0,71.0,68.0,66.0,63.0,66.0,69.0,72.0,72.0,83.0,75.0,76.0,72.0,78.0,72.0,75.0,73.0,78.0,72.0,82.0,82.0,75.0,90.0,76.0,74.0,Argentina Primera Division,Argentinos Juniors,<50%,0.0
219,78.0,81.0,83.0,77.0,68.0,69.0,66.0,69.0,69.0,58.0,71.0,58.0,68.0,57.0,56.0,70.0,72.0,67.0,84.0,68.0,63.0,63.0,67.0,66.0,64.0,68.0,67.0,71.0,85.0,79.0,72.0,85.0,67.0,64.0,Swedish Allsvenskan,Trelleborgs FF,<50%,0.0
220,90.0,85.0,93.0,90.0,74.0,76.0,71.0,64.0,77.0,67.0,75.0,72.0,65.0,65.0,66.0,72.0,74.0,67.0,84.0,68.0,67.0,65.0,75.0,79.0,73.0,71.0,80.0,69.0,90.0,86.0,69.0,88.0,68.0,67.0,Scottish Premiership,Kilmarnock,>=50%,0.0
221,86.0,87.0,85.0,85.0,85.0,81.0,80.0,80.0,84.0,75.0,88.0,84.0,76.0,76.0,83.0,81.0,84.0,84.0,91.0,78.0,81.0,80.0,79.0,85.0,79.0,82.0,85.0,80.0,79.0,87.0,82.0,88.0,80.0,81.0,Italy Serie A,Torino,<50%,1.0
222,83.0,80.0,84.0,89.0,78.0,75.0,71.0,73.0,75.0,73.0,78.0,71.0,68.0,75.0,67.0,75.0,79.0,76.0,88.0,71.0,77.0,77.0,75.0,78.0,75.0,75.0,78.0,72.0,85.0,90.0,75.0,90.0,75.0,66.0,Argentina Primera Division,Atlético Tucumán,>=50%,0.0
223,92.0,89.0,86.0,91.0,66.0,66.0,65.0,68.0,67.0,65.0,67.0,65.0,61.0,64.0,62.0,66.0,68.0,66.0,91.0,63.0,65.0,65.0,69.0,65.0,67.0,66.0,70.0,65.0,92.0,91.0,66.0,89.0,72.0,66.0,English League Two,Mansfield Town,>=50%,1.0
224,90.0,83.0,83.0,91.0,77.0,76.0,75.0,77.0,76.0,77.0,76.0,74.0,72.0,68.0,68.0,74.0,81.0,75.0,82.0,75.0,75.0,75.0,76.0,82.0,73.0,76.0,85.0,74.0,84.0,85.0,76.0,85.0,76.0,73.0,English League Championship,Norwich City,>=50%,1.0
225,83.0,76.0,88.0,82.0,75.0,78.0,73.0,73.0,79.0,74.0,77.0,71.0,76.0,73.0,81.0,71.0,78.0,81.0,80.0,72.0,74.0,83.0,69.0,83.0,73.0,71.0,74.0,71.0,86.0,89.0,76.0,82.0,70.0,76.0,Belgian Jupiler League,Sporting de Charleroi,<50%,0.0
226,91.0,81.0,90.0,90.0,82.0,83.0,75.0,86.0,82.0,84.0,74.0,79.0,81.0,78.0,78.0,76.0,83.0,83.0,92.0,82.0,78.0,81.0,85.0,78.0,80.0,83.0,82.0,85.0,83.0,90.0,79.0,86.0,85.0,85.0,Russian Premier Liga,Spartak Moscow,>=50%,1.0
227,91.0,80.0,84.0,85.0,72.0,66.0,68.0,67.0,72.0,64.0,67.0,68.0,62.0,62.0,64.0,68.0,69.0,74.0,78.0,68.0,68.0,71.0,66.0,67.0,71.0,68.0,72.0,64.0,90.0,74.0,67.0,83.0,72.0,64.0,Australian A-League,Wellington Phoenix,<50%,1.0
228,89.0,89.0,86.0,89.0,61.0,64.0,60.0,60.0,66.0,58.0,66.0,64.0,65.0,64.0,68.0,63.0,68.0,62.0,79.0,58.0,56.0,56.0,67.0,66.0,68.0,64.0,66.0,61.0,91.0,91.0,66.0,90.0,60.0,56.0,English League Two,Cambridge United,<50%,0.0
229,89.0,82.0,90.0,84.0,83.0,80.0,79.0,81.0,83.0,74.0,81.0,68.0,65.0,66.0,66.0,67.0,78.0,71.0,83.0,73.0,80.0,70.0,78.0,81.0,78.0,81.0,76.0,80.0,85.0,83.0,71.0,86.0,81.0,82.0,Major League Soccer,Los Angeles FC,>=50%,1.0
230,89.0,91.0,87.0,83.0,80.0,81.0,78.0,81.0,82.0,72.0,72.0,61.0,58.0,58.0,63.0,62.0,79.0,73.0,89.0,68.0,72.0,70.0,85.0,76.0,80.0,69.0,77.0,69.0,87.0,90.0,76.0,91.0,76.0,69.0,Australian A-League,Perth Glory,>=50%,1.0
231,88.0,79.0,86.0,93.0,75.0,72.0,78.0,80.0,75.0,78.0,70.0,71.0,69.0,68.0,71.0,70.0,74.0,72.0,86.0,69.0,71.0,73.0,70.0,67.0,70.0,74.0,80.0,70.0,91.0,86.0,73.0,84.0,69.0,69.0,German 2. Bundesliga,SpVgg Greuther Fürth,<50%,0.0
232,84.0,84.0,87.0,90.0,70.0,71.0,67.0,69.0,68.0,64.0,67.0,69.0,60.0,63.0,63.0,68.0,72.0,68.0,86.0,67.0,64.0,68.0,65.0,65.0,74.0,69.0,71.0,69.0,88.0,83.0,69.0,89.0,68.0,61.0,Danish SAS-Ligaen,Randers FC,<50%,1.0
233,89.0,87.0,90.0,86.0,82.0,83.0,86.0,84.0,84.0,78.0,84.0,79.0,74.0,77.0,82.0,83.0,80.0,79.0,81.0,77.0,80.0,81.0,88.0,84.0,82.0,80.0,84.0,80.0,86.0,90.0,83.0,91.0,78.0,83.0,German Bundesliga,Eintracht Frankfurt,>=50%,1.0
234,89.0,87.0,83.0,84.0,81.0,78.0,81.0,81.0,78.0,79.0,80.0,74.0,68.0,67.0,71.0,74.0,76.0,73.0,86.0,78.0,76.0,71.0,80.0,80.0,79.0,82.0,84.0,74.0,90.0,89.0,73.0,94.0,78.0,71.0,Major League Soccer,Seattle Sounders FC,>=50%,1.0
235,83.0,88.0,87.0,84.0,76.0,77.0,76.0,73.0,77.0,76.0,74.0,77.0,77.0,76.0,72.0,77.0,76.0,77.0,73.0,75.0,73.0,79.0,77.0,74.0,77.0,77.0,80.0,76.0,83.0,82.0,77.0,90.0,76.0,76.0,Brasileiro Série A,Atlético Paranaense,<50%,0.0
236,88.0,78.0,91.0,88.0,70.0,77.0,72.0,71.0,72.0,67.0,72.0,69.0,64.0,67.0,64.0,70.0,75.0,66.0,89.0,70.0,66.0,70.0,78.0,75.0,68.0,73.0,78.0,69.0,90.0,90.0,69.0,86.0,71.0,65.0,English League One,Portsmouth,>=50%,1.0
237,89.0,82.0,91.0,88.0,70.0,69.0,66.0,64.0,71.0,67.0,70.0,63.0,66.0,53.0,63.0,66.0,72.0,63.0,94.0,65.0,65.0,72.0,70.0,70.0,71.0,70.0,72.0,67.0,90.0,87.0,67.0,91.0,66.0,63.0,Danish SAS-Ligaen,Hobro IK,<50%,0.0
238,84.0,81.0,86.0,91.0,75.0,74.0,75.0,83.0,79.0,80.0,75.0,73.0,64.0,67.0,68.0,78.0,76.0,75.0,92.0,77.0,76.0,75.0,75.0,72.0,76.0,78.0,78.0,76.0,85.0,87.0,74.0,79.0,77.0,74.0,Turkish Turkcell Super Lig,Sivasspor,<50%,0.0
239,83.0,80.0,83.0,84.0,92.0,89.0,77.0,80.0,90.0,75.0,77.0,64.0,67.0,66.0,70.0,67.0,72.0,68.0,91.0,85.0,80.0,67.0,83.0,81.0,86.0,90.0,92.0,65.0,87.0,85.0,70.0,90.0,93.0,88.0,Japanese J League,Vissel Kobe,<50%,0.0
240,82.0,84.0,91.0,91.0,74.0,72.0,76.0,80.0,74.0,68.0,76.0,71.0,67.0,61.0,69.0,69.0,72.0,71.0,90.0,72.0,73.0,69.0,77.0,73.0,70.0,76.0,74.0,72.0,79.0,90.0,70.0,82.0,76.0,68.0,French Ligue 2,AC Ajaccio,<50%,0.0
241,92.0,88.0,87.0,83.0,68.0,70.0,64.0,69.0,68.0,69.0,64.0,66.0,64.0,65.0,66.0,68.0,67.0,68.0,84.0,69.0,63.0,70.0,61.0,63.0,67.0,70.0,70.0,66.0,90.0,91.0,69.0,83.0,69.0,60.0,English League One,Walsall,<50%,1.0
242,94.0,88.0,93.0,94.0,95.0,86.0,90.0,90.0,94.0,87.0,86.0,90.0,91.0,79.0,86.0,90.0,91.0,90.0,93.0,93.0,92.0,88.0,82.0,86.0,90.0,93.0,92.0,91.0,95.0,91.0,92.0,89.0,92.0,85.0,Spanish Primera Division,Real Madrid,>=50%,1.0
243,89.0,84.0,80.0,75.0,70.0,72.0,75.0,70.0,74.0,71.0,67.0,67.0,65.0,63.0,66.0,68.0,68.0,71.0,76.0,72.0,67.0,71.0,71.0,67.0,70.0,73.0,74.0,67.0,88.0,84.0,70.0,91.0,75.0,63.0,Austrian T-Mobile Bundesliga,LASK Linz,>=50%,0.0
244,86.0,90.0,83.0,86.0,79.0,78.0,83.0,83.0,79.0,82.0,75.0,70.0,65.0,70.0,62.0,71.0,73.0,75.0,84.0,75.0,73.0,77.0,76.0,75.0,71.0,76.0,78.0,75.0,84.0,87.0,77.0,90.0,81.0,71.0,English League Championship,Leeds United,<50%,1.0
245,85.0,88.0,87.0,88.0,83.0,81.0,79.0,84.0,82.0,85.0,80.0,64.0,64.0,67.0,66.0,65.0,77.0,85.0,89.0,78.0,78.0,78.0,75.0,82.0,81.0,82.0,85.0,82.0,84.0,80.0,81.0,88.0,86.0,77.0,Chinese Super League,Hebei China Fortune FC,<50%,1.0
246,79.0,85.0,77.0,79.0,80.0,84.0,91.0,83.0,80.0,81.0,80.0,77.0,68.0,61.0,73.0,76.0,80.0,87.0,91.0,82.0,85.0,80.0,76.0,78.0,81.0,82.0,89.0,80.0,87.0,88.0,82.0,83.0,80.0,80.0,German Bundesliga,FC Augsburg,<50%,1.0
247,79.0,75.0,80.0,81.0,67.0,71.0,62.0,63.0,65.0,67.0,62.0,59.0,65.0,63.0,69.0,63.0,63.0,65.0,80.0,63.0,67.0,63.0,65.0,67.0,64.0,66.0,69.0,60.0,77.0,86.0,65.0,82.0,67.0,63.0,English League Two,Morecambe,<50%,0.0
248,90.0,90.0,92.0,87.0,74.0,74.0,76.0,72.0,74.0,69.0,75.0,68.0,70.0,66.0,70.0,69.0,83.0,71.0,89.0,69.0,75.0,77.0,69.0,76.0,73.0,73.0,75.0,67.0,85.0,86.0,68.0,90.0,76.0,72.0,Japanese J League,Sanfrecce Hiroshima,<50%,0.0
249,89.0,76.0,80.0,85.0,66.0,71.0,68.0,65.0,65.0,66.0,64.0,63.0,62.0,56.0,62.0,63.0,78.0,65.0,92.0,65.0,65.0,66.0,71.0,70.0,68.0,66.0,71.0,66.0,85.0,83.0,70.0,91.0,67.0,63.0,English League One,AFC Wimbledon,<50%,0.0
250,88.0,83.0,92.0,89.0,68.0,77.0,64.0,67.0,66.0,70.0,66.0,61.0,56.0,62.0,55.0,60.0,71.0,63.0,80.0,68.0,66.0,61.0,67.0,69.0,63.0,69.0,76.0,66.0,92.0,77.0,66.0,90.0,66.0,66.0,English League Two,Northampton Town,<50%,0.0
251,89.0,92.0,88.0,87.0,82.0,82.0,86.0,86.0,84.0,79.0,85.0,82.0,77.0,82.0,80.0,88.0,87.0,84.0,91.0,81.0,79.0,84.0,85.0,85.0,88.0,83.0,85.0,83.0,91.0,92.0,84.0,89.0,81.0,82.0,Barclays Premier League,Leicester City,<50%,1.0
252,95.0,88.0,92.0,93.0,78.0,82.0,79.0,76.0,80.0,78.0,78.0,74.0,76.0,63.0,73.0,79.0,90.0,75.0,88.0,76.0,78.0,73.0,73.0,78.0,76.0,80.0,81.0,79.0,93.0,93.0,78.0,89.0,75.0,71.0,Italy Serie B,Parma,>=50%,1.0
253,85.0,89.0,84.0,88.0,84.0,83.0,76.0,81.0,79.0,81.0,78.0,77.0,80.0,77.0,79.0,81.0,84.0,75.0,92.0,84.0,82.0,80.0,77.0,82.0,78.0,86.0,82.0,76.0,87.0,86.0,77.0,88.0,83.0,81.0,English League Championship,Fulham,>=50%,1.0
254,89.0,88.0,91.0,87.0,77.0,76.0,74.0,75.0,78.0,75.0,72.0,68.0,70.0,58.0,67.0,72.0,76.0,76.0,90.0,72.0,75.0,74.0,74.0,74.0,73.0,75.0,83.0,75.0,90.0,90.0,74.0,90.0,77.0,75.0,German Bundesliga,FC Ingolstadt 04,<50%,1.0
255,79.0,86.0,83.0,82.0,78.0,82.0,82.0,83.0,77.0,73.0,78.0,76.0,73.0,77.0,75.0,75.0,83.0,82.0,91.0,76.0,76.0,81.0,77.0,77.0,80.0,78.0,78.0,84.0,81.0,90.0,85.0,86.0,77.0,77.0,Brasileiro Série A,Cruzeiro,<50%,1.0
256,90.0,81.0,87.0,88.0,79.0,70.0,70.0,80.0,80.0,69.0,76.0,66.0,67.0,62.0,66.0,69.0,77.0,70.0,87.0,64.0,73.0,66.0,74.0,80.0,73.0,79.0,83.0,70.0,93.0,84.0,71.0,86.0,76.0,81.0,Japanese J League,Sagan Tosu,>=50%,0.0
257,84.0,82.0,85.0,87.0,80.0,74.0,77.0,78.0,76.0,76.0,75.0,72.0,69.0,69.0,76.0,71.0,78.0,76.0,83.0,80.0,79.0,76.0,80.0,77.0,76.0,76.0,82.0,74.0,90.0,85.0,78.0,92.0,76.0,69.0,UEFA Champions League,Dinamo Zagreb,>=50%,0.0
258,89.0,81.0,91.0,93.0,79.0,80.0,80.0,78.0,82.0,76.0,75.0,74.0,68.0,66.0,74.0,77.0,81.0,79.0,84.0,68.0,76.0,73.0,71.0,76.0,76.0,75.0,80.0,74.0,87.0,92.0,77.0,86.0,70.0,72.0,German 2. Bundesliga,1. FC Nürnberg,<50%,0.0
259,90.0,90.0,90.0,92.0,79.0,82.0,73.0,75.0,76.0,77.0,76.0,72.0,70.0,72.0,74.0,73.0,76.0,78.0,90.0,82.0,77.0,76.0,75.0,74.0,74.0,76.0,89.0,74.0,91.0,82.0,76.0,88.0,78.0,78.0,English League Championship,Derby County,<50%,1.0
260,89.0,89.0,86.0,91.0,88.0,86.0,79.0,86.0,86.0,81.0,90.0,81.0,77.0,75.0,78.0,86.0,86.0,87.0,91.0,87.0,86.0,87.0,78.0,91.0,87.0,88.0,87.0,85.0,93.0,91.0,87.0,90.0,87.0,87.0,Italy Serie A,Lazio,>=50%,1.0
261,91.0,75.0,93.0,92.0,75.0,80.0,76.0,85.0,77.0,85.0,76.0,70.0,66.0,78.0,69.0,72.0,72.0,71.0,91.0,77.0,76.0,67.0,80.0,76.0,75.0,76.0,77.0,70.0,86.0,91.0,71.0,87.0,77.0,70.0,Japanese J League,Kawasaki Frontale,>=50%,0.0
262,81.0,87.0,87.0,92.0,73.0,70.0,74.0,72.0,73.0,73.0,67.0,65.0,61.0,60.0,60.0,62.0,72.0,71.0,91.0,72.0,66.0,70.0,72.0,68.0,68.0,74.0,69.0,73.0,79.0,82.0,71.0,85.0,72.0,64.0,French Ligue 2,GFC Ajaccio,<50%,0.0
263,78.0,76.0,81.0,85.0,68.0,71.0,78.0,73.0,67.0,71.0,70.0,61.0,60.0,61.0,62.0,64.0,68.0,69.0,88.0,65.0,66.0,64.0,70.0,73.0,67.0,68.0,73.0,69.0,77.0,79.0,70.0,90.0,66.0,73.0,Japanese J League,V-Varen Nagasaki,<50%,0.0
264,93.0,90.0,92.0,90.0,72.0,68.0,72.0,72.0,77.0,61.0,71.0,74.0,65.0,77.0,64.0,71.0,73.0,64.0,92.0,73.0,74.0,68.0,62.0,69.0,68.0,70.0,80.0,72.0,85.0,82.0,63.0,88.0,72.0,68.0,Swedish Allsvenskan,Östersunds FK,>=50%,0.0
265,94.0,90.0,92.0,91.0,82.0,86.0,75.0,82.0,82.0,85.0,74.0,75.0,71.0,71.0,70.0,77.0,76.0,77.0,88.0,72.0,80.0,76.0,80.0,75.0,76.0,82.0,82.0,75.0,92.0,90.0,75.0,90.0,73.0,68.0,UEFA Champions League,Celtic,>=50%,1.0
266,82.0,86.0,87.0,87.0,85.0,82.0,77.0,81.0,83.0,75.0,78.0,82.0,83.0,72.0,82.0,83.0,77.0,80.0,85.0,78.0,79.0,78.0,78.0,79.0,79.0,82.0,84.0,78.0,83.0,80.0,79.0,82.0,79.0,83.0,Italy Serie A,Sassuolo,<50%,0.0
267,87.0,86.0,78.0,85.0,80.0,75.0,76.0,75.0,82.0,77.0,75.0,74.0,77.0,67.0,74.0,77.0,84.0,81.0,91.0,73.0,74.0,81.0,74.0,78.0,77.0,76.0,80.0,79.0,86.0,89.0,81.0,90.0,76.0,70.0,Barclays Premier League,Huddersfield Town,<50%,1.0
268,85.0,80.0,93.0,93.0,72.0,73.0,75.0,75.0,76.0,74.0,72.0,75.0,70.0,76.0,68.0,72.0,78.0,72.0,90.0,75.0,73.0,75.0,68.0,73.0,77.0,74.0,81.0,74.0,90.0,75.0,78.0,80.0,72.0,69.0,Argentina Primera Division,Newell's Old Boys,<50%,0.0
269,85.0,80.0,86.0,82.0,78.0,78.0,86.0,82.0,76.0,76.0,77.0,72.0,68.0,65.0,70.0,75.0,79.0,78.0,92.0,77.0,72.0,78.0,77.0,75.0,74.0,78.0,76.0,78.0,88.0,84.0,78.0,84.0,77.0,74.0,Italy Serie A,Empoli,>=50%,1.0
270,91.0,80.0,89.0,86.0,77.0,76.0,74.0,76.0,76.0,73.0,74.0,73.0,71.0,75.0,72.0,75.0,79.0,74.0,85.0,71.0,73.0,75.0,66.0,76.0,72.0,75.0,77.0,73.0,90.0,88.0,77.0,90.0,72.0,70.0,German 2. Bundesliga,1. FC Union Berlin,<50%,0.0
271,90.0,79.0,92.0,90.0,85.0,77.0,80.0,78.0,83.0,75.0,79.0,73.0,73.0,72.0,76.0,73.0,75.0,79.0,82.0,72.0,73.0,75.0,74.0,78.0,77.0,78.0,82.0,74.0,90.0,85.0,76.0,85.0,80.0,74.0,Dutch Eredivisie,Vitesse,<50%,0.0
272,82.0,79.0,89.0,92.0,75.0,71.0,73.0,80.0,75.0,72.0,72.0,67.0,63.0,62.0,63.0,67.0,71.0,68.0,86.0,72.0,72.0,67.0,72.0,72.0,73.0,73.0,76.0,63.0,82.0,86.0,68.0,92.0,74.0,64.0,Australian A-League,Brisbane Roar,<50%,0.0
273,89.0,84.0,90.0,93.0,71.0,72.0,73.0,69.0,75.0,69.0,66.0,64.0,67.0,59.0,69.0,63.0,69.0,68.0,90.0,64.0,68.0,70.0,64.0,71.0,75.0,72.0,71.0,71.0,88.0,90.0,75.0,80.0,68.0,69.0,Japanese J League,Yokohama F. Marinos,<50%,0.0
274,94.0,90.0,95.0,94.0,94.0,92.0,85.0,85.0,95.0,86.0,84.0,84.0,80.0,76.0,80.0,84.0,90.0,92.0,84.0,89.0,81.0,90.0,86.0,87.0,93.0,90.0,85.0,86.0,88.0,96.0,91.0,88.0,91.0,82.0,Barclays Premier League,Chelsea,>=50%,1.0
275,84.0,75.0,82.0,82.0,73.0,71.0,70.0,64.0,73.0,76.0,74.0,70.0,72.0,66.0,71.0,74.0,70.0,72.0,86.0,70.0,73.0,72.0,64.0,76.0,69.0,74.0,78.0,71.0,88.0,92.0,72.0,88.0,70.0,71.0,Italy Serie B,Spezia,<50%,0.0
276,90.0,84.0,87.0,90.0,73.0,74.0,77.0,70.0,73.0,70.0,76.0,70.0,69.0,65.0,66.0,74.0,79.0,76.0,82.0,75.0,70.0,70.0,75.0,79.0,72.0,75.0,77.0,73.0,84.0,88.0,72.0,87.0,72.0,63.0,English League Championship,Bristol City,<50%,0.0
277,80.0,76.0,82.0,85.0,72.0,67.0,71.0,69.0,74.0,65.0,73.0,71.0,65.0,66.0,67.0,71.0,70.0,69.0,81.0,68.0,65.0,68.0,66.0,68.0,67.0,72.0,75.0,70.0,78.0,82.0,68.0,92.0,68.0,68.0,French Ligue 2,Paris FC,<50%,0.0
278,91.0,78.0,87.0,83.0,65.0,67.0,67.0,64.0,68.0,63.0,66.0,64.0,63.0,65.0,62.0,67.0,69.0,61.0,84.0,64.0,65.0,64.0,64.0,65.0,69.0,66.0,70.0,65.0,90.0,92.0,66.0,84.0,66.0,59.0,English League Two,Exeter City,>=50%,1.0
279,89.0,90.0,88.0,87.0,83.0,83.0,82.0,79.0,81.0,75.0,81.0,75.0,76.0,70.0,79.0,81.0,82.0,85.0,90.0,80.0,87.0,83.0,69.0,83.0,81.0,80.0,88.0,81.0,86.0,92.0,81.0,86.0,78.0,75.0,German Bundesliga,VfB Stuttgart,<50%,0.0
280,78.0,80.0,76.0,81.0,66.0,70.0,65.0,68.0,65.0,65.0,60.0,67.0,67.0,63.0,65.0,68.0,68.0,67.0,76.0,65.0,65.0,66.0,61.0,68.0,74.0,68.0,72.0,64.0,81.0,83.0,66.0,87.0,65.0,61.0,Danish SAS-Ligaen,AC Horsens,<50%,1.0
